-- phpMyAdmin SQL Dump
-- version 5.2.0
-- https://www.phpmyadmin.net/
--
-- Host: 127.0.0.1
-- Generation Time: Oct 27, 2022 at 09:42 AM
-- Server version: 10.4.25-MariaDB
-- PHP Version: 8.1.10

SET SQL_MODE = "NO_AUTO_VALUE_ON_ZERO";
START TRANSACTION;
SET time_zone = "+00:00";


/*!40101 SET @OLD_CHARACTER_SET_CLIENT=@@CHARACTER_SET_CLIENT */;
/*!40101 SET @OLD_CHARACTER_SET_RESULTS=@@CHARACTER_SET_RESULTS */;
/*!40101 SET @OLD_COLLATION_CONNECTION=@@COLLATION_CONNECTION */;
/*!40101 SET NAMES utf8mb4 */;

--
-- Database: `clab_db`
--

-- --------------------------------------------------------

--
-- Table structure for table `admins`
--

CREATE TABLE `admins` (
  `id` bigint(20) UNSIGNED NOT NULL,
  `name` varchar(40) COLLATE utf8mb4_unicode_ci NOT NULL,
  `email` varchar(40) COLLATE utf8mb4_unicode_ci NOT NULL,
  `username` varchar(40) COLLATE utf8mb4_unicode_ci NOT NULL,
  `email_verified_at` timestamp NULL DEFAULT NULL,
  `image` varchar(255) COLLATE utf8mb4_unicode_ci DEFAULT NULL,
  `password` varchar(255) COLLATE utf8mb4_unicode_ci NOT NULL,
  `created_at` timestamp NULL DEFAULT NULL,
  `updated_at` timestamp NULL DEFAULT NULL
) ENGINE=InnoDB DEFAULT CHARSET=utf8mb4 COLLATE=utf8mb4_unicode_ci;

--
-- Dumping data for table `admins`
--

INSERT INTO `admins` (`id`, `name`, `email`, `username`, `email_verified_at`, `image`, `password`, `created_at`, `updated_at`) VALUES
(1, 'Super Admin', 'admin@site.com', 'admin', NULL, '60ebfa3cabf171626077756.jpg', '$2y$10$2qcOUKrDIUqyyCklvHp7IO8fGNcJ1gAXtxouTn1isZPHu6H8CfHPq', NULL, '2021-07-12 12:15:56'),
(2, 'Nimra', 'nimrapervaiz1999@gmail.com', 'Nimra', NULL, NULL, '$2y$10$E956XFKvBRoZncavdVjKW.puyztEGJNBRt2YUx2L2JgZWeauGUWNq', NULL, '2022-10-19 12:54:14');

-- --------------------------------------------------------

--
-- Table structure for table `admin_notifications`
--

CREATE TABLE `admin_notifications` (
  `id` bigint(20) UNSIGNED NOT NULL,
  `user_id` int(10) UNSIGNED NOT NULL DEFAULT 0,
  `title` varchar(255) COLLATE utf8mb4_unicode_ci DEFAULT NULL,
  `read_status` tinyint(1) NOT NULL DEFAULT 0,
  `click_url` text COLLATE utf8mb4_unicode_ci DEFAULT NULL,
  `created_at` timestamp NULL DEFAULT NULL,
  `updated_at` timestamp NULL DEFAULT NULL
) ENGINE=InnoDB DEFAULT CHARSET=utf8mb4 COLLATE=utf8mb4_unicode_ci;

--
-- Dumping data for table `admin_notifications`
--

INSERT INTO `admin_notifications` (`id`, `user_id`, `title`, `read_status`, `click_url`, `created_at`, `updated_at`) VALUES
(1, 4, 'Dispatch Courier LucyAlison', 0, '/admin/courier/details/1', '2022-10-20 09:47:22', '2022-10-20 09:47:22'),
(2, 4, 'Courier Payment LucyAlison', 0, '/admin/courier/details/1', '2022-10-20 09:48:43', '2022-10-20 09:48:43'),
(3, 4, 'Courier Delivery LucyAlison', 0, '/admin/courier/details/1', '2022-10-20 09:50:40', '2022-10-20 09:50:40'),
(4, 4, 'Dispatch Courier LucyAlison', 0, '/admin/courier/details/2', '2022-10-20 09:51:36', '2022-10-20 09:51:36'),
(5, 4, 'Courier Payment LucyAlison', 0, '/admin/courier/details/2', '2022-10-20 09:52:21', '2022-10-20 09:52:21'),
(6, 4, 'Courier Delivery LucyAlison', 1, '/admin/courier/details/2', '2022-10-20 09:52:43', '2022-10-21 01:27:13'),
(7, 4, 'Dispatch Courier LucyAlison', 0, '/admin/courier/details/3', '2022-10-21 06:05:51', '2022-10-21 06:05:51'),
(8, 4, 'Courier Payment LucyAlison', 0, '/admin/courier/details/3', '2022-10-21 06:44:44', '2022-10-21 06:44:44'),
(9, 4, 'Courier Delivery LucyAlison', 0, '/admin/courier/details/3', '2022-10-21 07:03:19', '2022-10-21 07:03:19'),
(10, 4, 'Dispatch Courier LucyAlison', 0, '/admin/courier/details/4', '2022-10-21 21:19:48', '2022-10-21 21:19:48'),
(11, 4, 'Courier Payment LucyAlison', 0, '/admin/courier/details/4', '2022-10-21 21:29:12', '2022-10-21 21:29:12'),
(12, 4, 'Courier Delivery LucyAlison', 0, '/admin/courier/details/4', '2022-10-21 21:29:47', '2022-10-21 21:29:47'),
(13, 4, 'Dispatch Courier LucyAlison', 0, '/admin/courier/details/5', '2022-10-21 21:30:32', '2022-10-21 21:30:32'),
(14, 4, 'Courier Payment LucyAlison', 0, '/admin/courier/details/5', '2022-10-21 21:44:31', '2022-10-21 21:44:31'),
(15, 4, 'Dispatch Courier LucyAlison', 0, '/admin/courier/details/6', '2022-10-22 00:18:16', '2022-10-22 00:18:16'),
(16, 4, 'Courier Payment LucyAlison', 0, '/admin/courier/details/6', '2022-10-22 01:26:42', '2022-10-22 01:26:42'),
(17, 4, 'Dispatch Courier LucyAlison', 0, '/admin/courier/details/7', '2022-10-22 01:32:42', '2022-10-22 01:32:42'),
(18, 4, 'Courier Payment LucyAlison', 0, '/admin/courier/details/7', '2022-10-22 01:49:49', '2022-10-22 01:49:49'),
(19, 4, 'Dispatch Courier LucyAlison', 0, '/admin/courier/details/8', '2022-10-22 01:52:37', '2022-10-22 01:52:37'),
(20, 4, 'Courier Payment LucyAlison', 0, '/admin/courier/details/8', '2022-10-22 01:54:21', '2022-10-22 01:54:21'),
(21, 4, 'Dispatch Courier LucyAlison', 0, '/admin/courier/details/9', '2022-10-22 01:55:38', '2022-10-22 01:55:38'),
(22, 4, 'Courier Payment LucyAlison', 0, '/admin/courier/details/9', '2022-10-22 01:56:39', '2022-10-22 01:56:39'),
(23, 4, 'Dispatch Courier LucyAlison', 0, '/admin/courier/details/10', '2022-10-22 01:59:14', '2022-10-22 01:59:14'),
(24, 4, 'Courier Delivery LucyAlison', 0, '/admin/courier/details/5', '2022-10-22 02:02:37', '2022-10-22 02:02:37'),
(25, 4, 'Courier Payment LucyAlison', 0, '/admin/courier/details/10', '2022-10-22 02:06:07', '2022-10-22 02:06:07'),
(26, 4, 'Courier Delivery LucyAlison', 0, '/admin/courier/details/10', '2022-10-23 10:18:10', '2022-10-23 10:18:10'),
(27, 4, 'Courier Delivery LucyAlison', 0, '/admin/courier/details/9', '2022-10-23 10:18:34', '2022-10-23 10:18:34'),
(28, 4, 'Dispatch Courier LucyAlison', 0, '/admin/courier/details/11', '2022-10-23 10:34:22', '2022-10-23 10:34:22'),
(29, 4, 'Dispatch Courier LucyAlison', 0, '/admin/courier/details/12', '2022-10-23 10:34:22', '2022-10-23 10:34:22'),
(30, 4, 'Dispatch Courier LucyAlison', 0, '/admin/courier/details/13', '2022-10-23 10:46:55', '2022-10-23 10:46:55'),
(31, 4, 'Courier Payment LucyAlison', 0, '/admin/courier/details/13', '2022-10-23 10:47:11', '2022-10-23 10:47:11'),
(32, 4, 'Dispatch Courier LucyAlison', 0, '/admin/courier/details/14', '2022-10-23 10:47:57', '2022-10-23 10:47:57');

-- --------------------------------------------------------

--
-- Table structure for table `admin_password_resets`
--

CREATE TABLE `admin_password_resets` (
  `id` bigint(20) UNSIGNED NOT NULL,
  `email` varchar(40) COLLATE utf8mb4_unicode_ci NOT NULL,
  `token` varchar(40) COLLATE utf8mb4_unicode_ci NOT NULL,
  `status` tinyint(1) NOT NULL DEFAULT 1,
  `created_at` timestamp NULL DEFAULT NULL,
  `updated_at` timestamp NULL DEFAULT NULL
) ENGINE=InnoDB DEFAULT CHARSET=utf8mb4 COLLATE=utf8mb4_unicode_ci;

--
-- Dumping data for table `admin_password_resets`
--

INSERT INTO `admin_password_resets` (`id`, `email`, `token`, `status`, `created_at`, `updated_at`) VALUES
(1, 'nimrapervaiz1999@gmail.com', '541654', 1, '2022-10-19 00:52:48', NULL);

-- --------------------------------------------------------

--
-- Table structure for table `branches`
--

CREATE TABLE `branches` (
  `id` bigint(20) UNSIGNED NOT NULL,
  `name` varchar(40) COLLATE utf8mb4_unicode_ci DEFAULT NULL,
  `email` varchar(40) COLLATE utf8mb4_unicode_ci DEFAULT NULL,
  `phone` varchar(40) COLLATE utf8mb4_unicode_ci DEFAULT NULL,
  `address` varchar(255) COLLATE utf8mb4_unicode_ci DEFAULT NULL,
  `status` tinyint(4) NOT NULL DEFAULT 0 COMMENT 'open : 1, closed : 2',
  `created_at` timestamp NULL DEFAULT NULL,
  `updated_at` timestamp NULL DEFAULT NULL
) ENGINE=InnoDB DEFAULT CHARSET=utf8mb4 COLLATE=utf8mb4_unicode_ci;

--
-- Dumping data for table `branches`
--

INSERT INTO `branches` (`id`, `name`, `email`, `phone`, `address`, `status`, `created_at`, `updated_at`) VALUES
(1, 'New York Branch', 'customercare1@storktrack.com', 'Mobile1: 1 (833) 291 4413', 'NY 10010 New York USA', 1, '2022-10-20 03:03:16', '2022-10-26 00:23:41'),
(2, 'Illinois Main Branch', 'customercare@storktrack.com', 'Mobile: 1 (833) 291 4413', 'Chicago IL 60007 USA', 1, '2022-10-26 00:15:53', '2022-10-26 00:15:53'),
(3, 'California Branch', 'customercare2@storktrack.com', 'Mobile2: 1 (833) 291 4413', 'Los Angeles CA 90202 USA', 1, '2022-10-26 00:25:53', '2022-10-26 00:25:53'),
(4, 'Texas Main Branch', 'customercar3@storktrack.com', 'Mobile3: 1 (833) 291 4413', 'Houston Tx 77001 USA', 1, '2022-10-26 00:28:49', '2022-10-26 00:28:49');

-- --------------------------------------------------------

--
-- Table structure for table `courier_infos`
--

CREATE TABLE `courier_infos` (
  `id` bigint(20) UNSIGNED NOT NULL,
  `invoice_id` varchar(40) COLLATE utf8mb4_unicode_ci DEFAULT NULL,
  `code` varchar(255) COLLATE utf8mb4_unicode_ci NOT NULL,
  `sender_branch_id` int(11) NOT NULL,
  `sender_staff_id` int(11) NOT NULL,
  `sender_name` varchar(255) COLLATE utf8mb4_unicode_ci DEFAULT NULL,
  `sender_email` varchar(40) COLLATE utf8mb4_unicode_ci DEFAULT NULL,
  `sender_phone` varchar(40) COLLATE utf8mb4_unicode_ci DEFAULT NULL,
  `sender_address` varchar(255) COLLATE utf8mb4_unicode_ci DEFAULT NULL,
  `receiver_branch_id` int(11) DEFAULT NULL,
  `receiver_staff_id` int(11) DEFAULT NULL,
  `receiver_name` varchar(255) COLLATE utf8mb4_unicode_ci DEFAULT NULL,
  `receiver_email` varchar(40) COLLATE utf8mb4_unicode_ci DEFAULT NULL,
  `receiver_phone` varchar(40) COLLATE utf8mb4_unicode_ci DEFAULT NULL,
  `receiver_address` varchar(255) COLLATE utf8mb4_unicode_ci DEFAULT NULL,
  `status` tinyint(4) NOT NULL DEFAULT 0 COMMENT 'Received : 0, Delivery : 1',
  `created_at` timestamp NULL DEFAULT NULL,
  `updated_at` timestamp NULL DEFAULT NULL
) ENGINE=InnoDB DEFAULT CHARSET=utf8mb4 COLLATE=utf8mb4_unicode_ci;

--
-- Dumping data for table `courier_infos`
--

INSERT INTO `courier_infos` (`id`, `invoice_id`, `code`, `sender_branch_id`, `sender_staff_id`, `sender_name`, `sender_email`, `sender_phone`, `sender_address`, `receiver_branch_id`, `receiver_staff_id`, `receiver_name`, `receiver_email`, `receiver_phone`, `receiver_address`, `status`, `created_at`, `updated_at`) VALUES
(1, 'DKQE8RVDAJ2P', 'EDA1A2OQ6E4A', 1, 4, 'Rover', 'jhdkjas@gmail.com', '6756880909', 'hagdhgd jashdkjas', 1, 4, 'jshjka', 'msnasja@gmail.com', '8766590', 'kjkahskjd akhdkjasl', 1, '2022-10-20 09:47:22', '2022-10-20 09:50:40'),
(2, 'HOPZN2YUF5O9', 'TEDZPVDPVPQE', 1, 4, 'Rover', 'jhdkjas@gmail.com', '6756880909', 'hagdhgd jashdkjas', 1, 4, 'jshjka', 'msnasja@gmail.com', '8766590', 'ksjdkasdjal', 1, '2022-10-20 09:51:36', '2022-10-20 09:52:43'),
(3, '36TW7OFG2BDS', 'J8762279M812', 1, 4, 'Rover', 'jhdkjas@gmail.com', '6756880909', 'kuch be', 1, 4, 'xorior', 'msnasja@gmail.com', '8766590', 'kjkahskjd akhdkjasl', 1, '2022-10-21 06:05:51', '2022-10-21 07:03:19'),
(4, 'C5UYA72MC6RX', '27P2MGGDOJWE', 1, 4, 'Meer', NULL, NULL, 'address abc', 1, 4, 'jshjka', NULL, NULL, 'address xyz', 1, '2022-10-21 21:19:48', '2022-10-21 21:29:47'),
(5, 'VQ8OJ4XFDDBJ', 'WRSKDO33HSXJ', 1, 4, 'Meeru', NULL, NULL, 'kkfjakfs', 1, 4, 'djkajdk', NULL, NULL, 'lksldkmaslk', 1, '2022-10-21 21:30:32', '2022-10-22 02:02:37'),
(6, 'ZQ5OKZXA3CX1', '5WS38MCPEBX7', 1, 4, 'new', NULL, NULL, 'new address', 1, NULL, 'new cus', NULL, NULL, 'new cus adddress', 0, '2022-10-22 00:18:16', '2022-10-22 00:18:16'),
(7, 'NOTYTRRJ67P5', '52AHKMSZM16V', 1, 4, 'Meer', NULL, NULL, 'hagdhgd jashdkjas', 1, NULL, 'new cus', NULL, NULL, 'address xyz', 0, '2022-10-22 01:32:42', '2022-10-22 01:32:42'),
(8, 'HU2WH3KV9CUM', 'GPE7YOS99PZ9', 1, 4, 'Meer', NULL, NULL, 'kuch be', 1, NULL, 'xorior', NULL, NULL, 'ksjdkasdjal', 0, '2022-10-22 01:52:36', '2022-10-22 01:52:36'),
(9, 'U2EAOH3WBPWJ', 'E1SHCOT7S77N', 1, 4, 'Meer', NULL, NULL, 'hagdhgd jashdkjas', 1, 4, 'new cus', NULL, NULL, 'new cus adddress', 1, '2022-10-22 01:55:38', '2022-10-23 10:18:34'),
(10, 'Z4JCQ7VBHWNM', '3R1A9T6SFZMK', 1, 4, 'Meer', NULL, NULL, 'new address', 1, 4, 'new cus', NULL, NULL, 'ksjdkasdjal', 1, '2022-10-22 01:59:14', '2022-10-23 10:18:10'),
(11, 'W5YZ6PNKF62W', 'PNT52WRE2NF6', 1, 4, 'Meer', NULL, NULL, 'kuch be', NULL, NULL, 'new cus', NULL, NULL, 'kjkahskjd akhdkjasl', 0, '2022-10-23 10:34:22', '2022-10-23 10:34:22'),
(12, 'SXE9OZVHE8XH', '8QA5211FZ59O', 1, 4, 'Meer', NULL, NULL, 'kuch be', NULL, NULL, 'new cus', NULL, NULL, 'kjkahskjd akhdkjasl', 0, '2022-10-23 10:34:22', '2022-10-23 10:34:22'),
(13, 'XGWD8QHPK2GT', 'TPOKYWQPPQEY', 1, 4, 'Meer', NULL, NULL, 'hagdhgd jashdkjas', 1, NULL, 'new cus', NULL, NULL, 'something', 0, '2022-10-23 10:46:55', '2022-10-23 10:46:55'),
(14, '2HG9QJ9Q9YVC', 'KQRFB3TRQTMJ', 1, 4, 'new', NULL, NULL, 'new address', 1, NULL, 'jshjka', NULL, NULL, 'kjkahskjd akhdkjasl', 0, '2022-10-23 10:47:57', '2022-10-23 10:47:57');

-- --------------------------------------------------------

--
-- Table structure for table `courier_payments`
--

CREATE TABLE `courier_payments` (
  `id` bigint(20) UNSIGNED NOT NULL,
  `courier_info_id` int(11) NOT NULL,
  `receiver_id` int(11) DEFAULT NULL,
  `branch_id` int(11) DEFAULT NULL,
  `date` date DEFAULT NULL,
  `amount` decimal(28,8) NOT NULL DEFAULT 0.00000000,
  `status` tinyint(4) NOT NULL DEFAULT 0 COMMENT 'Unpaid : 0, Paid : 1',
  `created_at` timestamp NULL DEFAULT NULL,
  `updated_at` timestamp NULL DEFAULT NULL
) ENGINE=InnoDB DEFAULT CHARSET=utf8mb4 COLLATE=utf8mb4_unicode_ci;

--
-- Dumping data for table `courier_payments`
--

INSERT INTO `courier_payments` (`id`, `courier_info_id`, `receiver_id`, `branch_id`, `date`, `amount`, `status`, `created_at`, `updated_at`) VALUES
(1, 1, 4, 1, '2022-10-20', '1.00000000', 1, '2022-10-20 09:47:22', '2022-10-20 09:48:43'),
(2, 2, 4, 1, '2022-10-20', '1.00000000', 1, '2022-10-20 09:51:36', '2022-10-20 09:52:21'),
(3, 3, 4, 1, '2022-10-21', '1.00000000', 1, '2022-10-21 06:05:51', '2022-10-21 06:44:44'),
(4, 4, 4, 1, '2022-10-22', '1.00000000', 1, '2022-10-21 21:19:48', '2022-10-21 21:29:12'),
(5, 5, 4, 1, '2022-10-22', '1.00000000', 1, '2022-10-21 21:30:32', '2022-10-21 21:44:31'),
(6, 6, 4, 1, '2022-10-22', '2.00000000', 1, '2022-10-22 00:18:16', '2022-10-22 01:26:42'),
(7, 7, 4, 1, '2022-10-22', '1.00000000', 1, '2022-10-22 01:32:42', '2022-10-22 01:49:49'),
(8, 8, 4, 1, '2022-10-22', '1.00000000', 1, '2022-10-22 01:52:37', '2022-10-22 01:54:21'),
(9, 9, 4, 1, '2022-10-22', '1.00000000', 1, '2022-10-22 01:55:38', '2022-10-22 01:56:39'),
(10, 10, 4, 1, '2022-10-22', '2.00000000', 1, '2022-10-22 01:59:14', '2022-10-22 02:06:07'),
(11, 11, NULL, NULL, NULL, '1.00000000', 0, '2022-10-23 10:34:22', '2022-10-23 10:34:22'),
(12, 12, NULL, NULL, NULL, '1.00000000', 0, '2022-10-23 10:34:22', '2022-10-23 10:34:22'),
(13, 13, 4, 1, '2022-10-23', '1.00000000', 1, '2022-10-23 10:46:55', '2022-10-23 10:47:11'),
(14, 14, NULL, NULL, NULL, '1.00000000', 0, '2022-10-23 10:47:57', '2022-10-23 10:47:57');

-- --------------------------------------------------------

--
-- Table structure for table `courier_products`
--

CREATE TABLE `courier_products` (
  `id` bigint(20) UNSIGNED NOT NULL,
  `courier_info_id` int(11) NOT NULL,
  `courier_type_id` int(11) NOT NULL,
  `qty` int(11) NOT NULL DEFAULT 1,
  `fee` decimal(28,8) NOT NULL DEFAULT 0.00000000,
  `created_at` timestamp NULL DEFAULT NULL,
  `updated_at` timestamp NULL DEFAULT NULL
) ENGINE=InnoDB DEFAULT CHARSET=utf8mb4 COLLATE=utf8mb4_unicode_ci;

--
-- Dumping data for table `courier_products`
--

INSERT INTO `courier_products` (`id`, `courier_info_id`, `courier_type_id`, `qty`, `fee`, `created_at`, `updated_at`) VALUES
(1, 1, 2, 1, '1.00000000', '2022-10-20 09:47:22', '2022-10-20 09:47:22'),
(2, 2, 1, 1, '1.00000000', '2022-10-20 09:51:36', '2022-10-20 09:51:36'),
(3, 3, 2, 1, '1.00000000', '2022-10-21 06:05:51', '2022-10-21 06:05:51'),
(4, 4, 2, 1, '1.00000000', '2022-10-21 21:19:48', '2022-10-21 21:19:48'),
(5, 5, 1, 1, '1.00000000', '2022-10-21 21:30:32', '2022-10-21 21:30:32'),
(6, 6, 2, 2, '2.00000000', '2022-10-22 00:18:16', '2022-10-22 00:18:16'),
(7, 7, 1, 1, '1.00000000', '2022-10-22 01:32:42', '2022-10-22 01:32:42'),
(8, 8, 2, 1, '1.00000000', '2022-10-22 01:52:37', '2022-10-22 01:52:37'),
(9, 9, 2, 1, '1.00000000', '2022-10-22 01:55:38', '2022-10-22 01:55:38'),
(10, 10, 1, 2, '2.00000000', '2022-10-22 01:59:14', '2022-10-22 01:59:14'),
(11, 11, 2, 1, '1.00000000', '2022-10-23 10:34:22', '2022-10-23 10:34:22'),
(12, 12, 2, 1, '1.00000000', '2022-10-23 10:34:22', '2022-10-23 10:34:22'),
(13, 13, 1, 1, '1.00000000', '2022-10-23 10:46:55', '2022-10-23 10:46:55'),
(14, 14, 1, 1, '1.00000000', '2022-10-23 10:47:57', '2022-10-23 10:47:57');

-- --------------------------------------------------------

--
-- Table structure for table `email_logs`
--

CREATE TABLE `email_logs` (
  `id` bigint(20) UNSIGNED NOT NULL,
  `user_id` int(10) UNSIGNED NOT NULL,
  `mail_sender` varchar(40) COLLATE utf8mb4_unicode_ci DEFAULT NULL,
  `email_from` varchar(40) COLLATE utf8mb4_unicode_ci DEFAULT NULL,
  `email_to` varchar(40) COLLATE utf8mb4_unicode_ci DEFAULT NULL,
  `subject` varchar(255) COLLATE utf8mb4_unicode_ci DEFAULT NULL,
  `message` text COLLATE utf8mb4_unicode_ci DEFAULT NULL,
  `created_at` timestamp NULL DEFAULT NULL,
  `updated_at` timestamp NULL DEFAULT NULL
) ENGINE=InnoDB DEFAULT CHARSET=utf8mb4 COLLATE=utf8mb4_unicode_ci;

--
-- Dumping data for table `email_logs`
--

INSERT INTO `email_logs` (`id`, `user_id`, `mail_sender`, `email_from`, `email_to`, `subject`, `message`, `created_at`, `updated_at`) VALUES
(1, 2, 'php', 'Courierlab do-not-reply@viserlab.com', 'nimrapervaiz1999@gmail.com', 'Password Reset', '<meta http-equiv=\"Content-Type\" content=\"text/html; charset=utf-8\">\r\n  <!--[if !mso]><!-->\r\n  <meta http-equiv=\"X-UA-Compatible\" content=\"IE=edge\">\r\n  <!--<![endif]-->\r\n  <meta name=\"viewport\" content=\"width=device-width, initial-scale=1.0\">\r\n  <title></title>\r\n  <style type=\"text/css\">\r\n.ReadMsgBody { width: 100%; background-color: #ffffff; }\r\n.ExternalClass { width: 100%; background-color: #ffffff; }\r\n.ExternalClass, .ExternalClass p, .ExternalClass span, .ExternalClass font, .ExternalClass td, .ExternalClass div { line-height: 100%; }\r\nhtml { width: 100%; }\r\nbody { -webkit-text-size-adjust: none; -ms-text-size-adjust: none; margin: 0; padding: 0; }\r\ntable { border-spacing: 0; table-layout: fixed; margin: 0 auto;border-collapse: collapse; }\r\ntable table table { table-layout: auto; }\r\n.yshortcuts a { border-bottom: none !important; }\r\nimg:hover { opacity: 0.9 !important; }\r\na { color: #0087ff; text-decoration: none; }\r\n.textbutton a { font-family: \'open sans\', arial, sans-serif !important;}\r\n.btn-link a { color:#FFFFFF !important;}\r\n\r\n@media only screen and (max-width: 480px) {\r\nbody { width: auto !important; }\r\n*[class=\"table-inner\"] { width: 90% !important; text-align: center !important; }\r\n*[class=\"table-full\"] { width: 100% !important; text-align: center !important; }\r\n/* image */\r\nimg[class=\"img1\"] { width: 100% !important; height: auto !important; }\r\n}\r\n</style>\r\n\r\n\r\n\r\n  <table bgcolor=\"#414a51\" width=\"100%\" border=\"0\" align=\"center\" cellpadding=\"0\" cellspacing=\"0\">\r\n    <tbody><tr>\r\n      <td height=\"50\"></td>\r\n    </tr>\r\n    <tr>\r\n      <td align=\"center\" style=\"text-align:center;vertical-align:top;font-size:0;\">\r\n        <table align=\"center\" border=\"0\" cellpadding=\"0\" cellspacing=\"0\">\r\n          <tbody><tr>\r\n            <td align=\"center\" width=\"600\">\r\n              <!--header-->\r\n              <table class=\"table-inner\" width=\"95%\" border=\"0\" align=\"center\" cellpadding=\"0\" cellspacing=\"0\">\r\n                <tbody><tr>\r\n                  <td bgcolor=\"#0087ff\" style=\"border-top-left-radius:6px; border-top-right-radius:6px;text-align:center;vertical-align:top;font-size:0;\" align=\"center\">\r\n                    <table width=\"90%\" border=\"0\" align=\"center\" cellpadding=\"0\" cellspacing=\"0\">\r\n                      <tbody><tr>\r\n                        <td height=\"20\"></td>\r\n                      </tr>\r\n                      <tr>\r\n                        <td align=\"center\" style=\"font-family: \'Open sans\', Arial, sans-serif; color:#FFFFFF; font-size:16px; font-weight: bold;\">This is a System Generated Email</td>\r\n                      </tr>\r\n                      <tr>\r\n                        <td height=\"20\"></td>\r\n                      </tr>\r\n                    </tbody></table>\r\n                  </td>\r\n                </tr>\r\n              </tbody></table>\r\n              <!--end header-->\r\n              <table class=\"table-inner\" width=\"95%\" border=\"0\" cellspacing=\"0\" cellpadding=\"0\">\r\n                <tbody><tr>\r\n                  <td bgcolor=\"#FFFFFF\" align=\"center\" style=\"text-align:center;vertical-align:top;font-size:0;\">\r\n                    <table align=\"center\" width=\"90%\" border=\"0\" cellspacing=\"0\" cellpadding=\"0\">\r\n                      <tbody><tr>\r\n                        <td height=\"35\"></td>\r\n                      </tr>\r\n                      <!--logo-->\r\n                      <tr>\r\n                        <td align=\"center\" style=\"vertical-align:top;font-size:0;\">\r\n                          <a href=\"#\">\r\n                            <img style=\"display:block; line-height:0px; font-size:0px; border:0px;\" src=\"https://i.imgur.com/Z1qtvtV.png\" alt=\"img\">\r\n                          </a>\r\n                        </td>\r\n                      </tr>\r\n                      <!--end logo-->\r\n                      <tr>\r\n                        <td height=\"40\"></td>\r\n                      </tr>\r\n                      <!--headline-->\r\n                      <tr>\r\n                        <td align=\"center\" style=\"font-family: \'Open Sans\', Arial, sans-serif; font-size: 22px;color:#414a51;font-weight: bold;\">Hello  (Nimra)</td>\r\n                      </tr>\r\n                      <!--end headline-->\r\n                      <tr>\r\n                        <td align=\"center\" style=\"text-align:center;vertical-align:top;font-size:0;\">\r\n                          <table width=\"40\" border=\"0\" align=\"center\" cellpadding=\"0\" cellspacing=\"0\">\r\n                            <tbody><tr>\r\n                              <td height=\"20\" style=\" border-bottom:3px solid #0087ff;\"></td>\r\n                            </tr>\r\n                          </tbody></table>\r\n                        </td>\r\n                      </tr>\r\n                      <tr>\r\n                        <td height=\"20\"></td>\r\n                      </tr>\r\n                      <!--content-->\r\n                      <tr>\r\n                        <td align=\"left\" style=\"font-family: \'Open sans\', Arial, sans-serif; color:#7f8c8d; font-size:16px; line-height: 28px;\"><div>We have received a request to reset the password for your account on <b>19-10-2022 05:52:48 PM .<br></b></div><div>Requested From IP: <b>::1</b> using <b>Chrome</b> on <b>Windows 10 </b>.</div><div><br></div><br><div><div><div>Your account recovery code is:&nbsp;&nbsp; <font size=\"6\"><b>541654</b></font></div><div><br></div></div></div><div><br></div><div><font size=\"4\" color=\"#CC0000\">If you do not wish to reset your password, please disregard this message.&nbsp;</font><br></div><br></td>\r\n                      </tr>\r\n                      <!--end content-->\r\n                      <tr>\r\n                        <td height=\"40\"></td>\r\n                      </tr>\r\n              \r\n                    </tbody></table>\r\n                  </td>\r\n                </tr>\r\n                <tr>\r\n                  <td height=\"45\" align=\"center\" bgcolor=\"#f4f4f4\" style=\"border-bottom-left-radius:6px;border-bottom-right-radius:6px;\">\r\n                    <table align=\"center\" width=\"90%\" border=\"0\" cellspacing=\"0\" cellpadding=\"0\">\r\n                      <tbody><tr>\r\n                        <td height=\"10\"></td>\r\n                      </tr>\r\n                      <!--preference-->\r\n                      <tr>\r\n                        <td class=\"preference-link\" align=\"center\" style=\"font-family: \'Open sans\', Arial, sans-serif; color:#95a5a6; font-size:14px;\">\r\n                          © 2021 <a href=\"#\">Website Name</a> . All Rights Reserved. \r\n                        </td>\r\n                      </tr>\r\n                      <!--end preference-->\r\n                      <tr>\r\n                        <td height=\"10\"></td>\r\n                      </tr>\r\n                    </tbody></table>\r\n                  </td>\r\n                </tr>\r\n              </tbody></table>\r\n            </td>\r\n          </tr>\r\n        </tbody></table>\r\n      </td>\r\n    </tr>\r\n    <tr>\r\n      <td height=\"60\"></td>\r\n    </tr>\r\n  </tbody></table>', '2022-10-19 12:52:48', '2022-10-19 12:52:48'),
(2, 2, 'php', 'Courierlab do-not-reply@viserlab.com', 'nimrapervaiz1999@gmail.com', 'You have Reset your password', '<meta http-equiv=\"Content-Type\" content=\"text/html; charset=utf-8\">\r\n  <!--[if !mso]><!-->\r\n  <meta http-equiv=\"X-UA-Compatible\" content=\"IE=edge\">\r\n  <!--<![endif]-->\r\n  <meta name=\"viewport\" content=\"width=device-width, initial-scale=1.0\">\r\n  <title></title>\r\n  <style type=\"text/css\">\r\n.ReadMsgBody { width: 100%; background-color: #ffffff; }\r\n.ExternalClass { width: 100%; background-color: #ffffff; }\r\n.ExternalClass, .ExternalClass p, .ExternalClass span, .ExternalClass font, .ExternalClass td, .ExternalClass div { line-height: 100%; }\r\nhtml { width: 100%; }\r\nbody { -webkit-text-size-adjust: none; -ms-text-size-adjust: none; margin: 0; padding: 0; }\r\ntable { border-spacing: 0; table-layout: fixed; margin: 0 auto;border-collapse: collapse; }\r\ntable table table { table-layout: auto; }\r\n.yshortcuts a { border-bottom: none !important; }\r\nimg:hover { opacity: 0.9 !important; }\r\na { color: #0087ff; text-decoration: none; }\r\n.textbutton a { font-family: \'open sans\', arial, sans-serif !important;}\r\n.btn-link a { color:#FFFFFF !important;}\r\n\r\n@media only screen and (max-width: 480px) {\r\nbody { width: auto !important; }\r\n*[class=\"table-inner\"] { width: 90% !important; text-align: center !important; }\r\n*[class=\"table-full\"] { width: 100% !important; text-align: center !important; }\r\n/* image */\r\nimg[class=\"img1\"] { width: 100% !important; height: auto !important; }\r\n}\r\n</style>\r\n\r\n\r\n\r\n  <table bgcolor=\"#414a51\" width=\"100%\" border=\"0\" align=\"center\" cellpadding=\"0\" cellspacing=\"0\">\r\n    <tbody><tr>\r\n      <td height=\"50\"></td>\r\n    </tr>\r\n    <tr>\r\n      <td align=\"center\" style=\"text-align:center;vertical-align:top;font-size:0;\">\r\n        <table align=\"center\" border=\"0\" cellpadding=\"0\" cellspacing=\"0\">\r\n          <tbody><tr>\r\n            <td align=\"center\" width=\"600\">\r\n              <!--header-->\r\n              <table class=\"table-inner\" width=\"95%\" border=\"0\" align=\"center\" cellpadding=\"0\" cellspacing=\"0\">\r\n                <tbody><tr>\r\n                  <td bgcolor=\"#0087ff\" style=\"border-top-left-radius:6px; border-top-right-radius:6px;text-align:center;vertical-align:top;font-size:0;\" align=\"center\">\r\n                    <table width=\"90%\" border=\"0\" align=\"center\" cellpadding=\"0\" cellspacing=\"0\">\r\n                      <tbody><tr>\r\n                        <td height=\"20\"></td>\r\n                      </tr>\r\n                      <tr>\r\n                        <td align=\"center\" style=\"font-family: \'Open sans\', Arial, sans-serif; color:#FFFFFF; font-size:16px; font-weight: bold;\">This is a System Generated Email</td>\r\n                      </tr>\r\n                      <tr>\r\n                        <td height=\"20\"></td>\r\n                      </tr>\r\n                    </tbody></table>\r\n                  </td>\r\n                </tr>\r\n              </tbody></table>\r\n              <!--end header-->\r\n              <table class=\"table-inner\" width=\"95%\" border=\"0\" cellspacing=\"0\" cellpadding=\"0\">\r\n                <tbody><tr>\r\n                  <td bgcolor=\"#FFFFFF\" align=\"center\" style=\"text-align:center;vertical-align:top;font-size:0;\">\r\n                    <table align=\"center\" width=\"90%\" border=\"0\" cellspacing=\"0\" cellpadding=\"0\">\r\n                      <tbody><tr>\r\n                        <td height=\"35\"></td>\r\n                      </tr>\r\n                      <!--logo-->\r\n                      <tr>\r\n                        <td align=\"center\" style=\"vertical-align:top;font-size:0;\">\r\n                          <a href=\"#\">\r\n                            <img style=\"display:block; line-height:0px; font-size:0px; border:0px;\" src=\"https://i.imgur.com/Z1qtvtV.png\" alt=\"img\">\r\n                          </a>\r\n                        </td>\r\n                      </tr>\r\n                      <!--end logo-->\r\n                      <tr>\r\n                        <td height=\"40\"></td>\r\n                      </tr>\r\n                      <!--headline-->\r\n                      <tr>\r\n                        <td align=\"center\" style=\"font-family: \'Open Sans\', Arial, sans-serif; font-size: 22px;color:#414a51;font-weight: bold;\">Hello  (Nimra)</td>\r\n                      </tr>\r\n                      <!--end headline-->\r\n                      <tr>\r\n                        <td align=\"center\" style=\"text-align:center;vertical-align:top;font-size:0;\">\r\n                          <table width=\"40\" border=\"0\" align=\"center\" cellpadding=\"0\" cellspacing=\"0\">\r\n                            <tbody><tr>\r\n                              <td height=\"20\" style=\" border-bottom:3px solid #0087ff;\"></td>\r\n                            </tr>\r\n                          </tbody></table>\r\n                        </td>\r\n                      </tr>\r\n                      <tr>\r\n                        <td height=\"20\"></td>\r\n                      </tr>\r\n                      <!--content-->\r\n                      <tr>\r\n                        <td align=\"left\" style=\"font-family: \'Open sans\', Arial, sans-serif; color:#7f8c8d; font-size:16px; line-height: 28px;\"><div><p>\r\n    You have successfully reset your password.</p><p>You changed from&nbsp; IP: <b>::1</b> using <b>Chrome</b> on <b>Windows 10&nbsp;</b> on <b>19-10-2022 05:54:14 PM</b></p><p><b><br></b></p><p><font color=\"#FF0000\"><b>If you did not changed that, Please contact with us as soon as possible.</b></font><br></p></div></td>\r\n                      </tr>\r\n                      <!--end content-->\r\n                      <tr>\r\n                        <td height=\"40\"></td>\r\n                      </tr>\r\n              \r\n                    </tbody></table>\r\n                  </td>\r\n                </tr>\r\n                <tr>\r\n                  <td height=\"45\" align=\"center\" bgcolor=\"#f4f4f4\" style=\"border-bottom-left-radius:6px;border-bottom-right-radius:6px;\">\r\n                    <table align=\"center\" width=\"90%\" border=\"0\" cellspacing=\"0\" cellpadding=\"0\">\r\n                      <tbody><tr>\r\n                        <td height=\"10\"></td>\r\n                      </tr>\r\n                      <!--preference-->\r\n                      <tr>\r\n                        <td class=\"preference-link\" align=\"center\" style=\"font-family: \'Open sans\', Arial, sans-serif; color:#95a5a6; font-size:14px;\">\r\n                          © 2021 <a href=\"#\">Website Name</a> . All Rights Reserved. \r\n                        </td>\r\n                      </tr>\r\n                      <!--end preference-->\r\n                      <tr>\r\n                        <td height=\"10\"></td>\r\n                      </tr>\r\n                    </tbody></table>\r\n                  </td>\r\n                </tr>\r\n              </tbody></table>\r\n            </td>\r\n          </tr>\r\n        </tbody></table>\r\n      </td>\r\n    </tr>\r\n    <tr>\r\n      <td height=\"60\"></td>\r\n    </tr>\r\n  </tbody></table>', '2022-10-19 12:54:14', '2022-10-19 12:54:14'),
(3, 2, 'php', 'Courierlab do-not-reply@viserlab.com', 'nimrapervaiz1999@gmail.com', 'Password Reset', '<meta http-equiv=\"Content-Type\" content=\"text/html; charset=utf-8\">\r\n  <!--[if !mso]><!-->\r\n  <meta http-equiv=\"X-UA-Compatible\" content=\"IE=edge\">\r\n  <!--<![endif]-->\r\n  <meta name=\"viewport\" content=\"width=device-width, initial-scale=1.0\">\r\n  <title></title>\r\n  <style type=\"text/css\">\r\n.ReadMsgBody { width: 100%; background-color: #ffffff; }\r\n.ExternalClass { width: 100%; background-color: #ffffff; }\r\n.ExternalClass, .ExternalClass p, .ExternalClass span, .ExternalClass font, .ExternalClass td, .ExternalClass div { line-height: 100%; }\r\nhtml { width: 100%; }\r\nbody { -webkit-text-size-adjust: none; -ms-text-size-adjust: none; margin: 0; padding: 0; }\r\ntable { border-spacing: 0; table-layout: fixed; margin: 0 auto;border-collapse: collapse; }\r\ntable table table { table-layout: auto; }\r\n.yshortcuts a { border-bottom: none !important; }\r\nimg:hover { opacity: 0.9 !important; }\r\na { color: #0087ff; text-decoration: none; }\r\n.textbutton a { font-family: \'open sans\', arial, sans-serif !important;}\r\n.btn-link a { color:#FFFFFF !important;}\r\n\r\n@media only screen and (max-width: 480px) {\r\nbody { width: auto !important; }\r\n*[class=\"table-inner\"] { width: 90% !important; text-align: center !important; }\r\n*[class=\"table-full\"] { width: 100% !important; text-align: center !important; }\r\n/* image */\r\nimg[class=\"img1\"] { width: 100% !important; height: auto !important; }\r\n}\r\n</style>\r\n\r\n\r\n\r\n  <table bgcolor=\"#414a51\" width=\"100%\" border=\"0\" align=\"center\" cellpadding=\"0\" cellspacing=\"0\">\r\n    <tbody><tr>\r\n      <td height=\"50\"></td>\r\n    </tr>\r\n    <tr>\r\n      <td align=\"center\" style=\"text-align:center;vertical-align:top;font-size:0;\">\r\n        <table align=\"center\" border=\"0\" cellpadding=\"0\" cellspacing=\"0\">\r\n          <tbody><tr>\r\n            <td align=\"center\" width=\"600\">\r\n              <!--header-->\r\n              <table class=\"table-inner\" width=\"95%\" border=\"0\" align=\"center\" cellpadding=\"0\" cellspacing=\"0\">\r\n                <tbody><tr>\r\n                  <td bgcolor=\"#0087ff\" style=\"border-top-left-radius:6px; border-top-right-radius:6px;text-align:center;vertical-align:top;font-size:0;\" align=\"center\">\r\n                    <table width=\"90%\" border=\"0\" align=\"center\" cellpadding=\"0\" cellspacing=\"0\">\r\n                      <tbody><tr>\r\n                        <td height=\"20\"></td>\r\n                      </tr>\r\n                      <tr>\r\n                        <td align=\"center\" style=\"font-family: \'Open sans\', Arial, sans-serif; color:#FFFFFF; font-size:16px; font-weight: bold;\">This is a System Generated Email</td>\r\n                      </tr>\r\n                      <tr>\r\n                        <td height=\"20\"></td>\r\n                      </tr>\r\n                    </tbody></table>\r\n                  </td>\r\n                </tr>\r\n              </tbody></table>\r\n              <!--end header-->\r\n              <table class=\"table-inner\" width=\"95%\" border=\"0\" cellspacing=\"0\" cellpadding=\"0\">\r\n                <tbody><tr>\r\n                  <td bgcolor=\"#FFFFFF\" align=\"center\" style=\"text-align:center;vertical-align:top;font-size:0;\">\r\n                    <table align=\"center\" width=\"90%\" border=\"0\" cellspacing=\"0\" cellpadding=\"0\">\r\n                      <tbody><tr>\r\n                        <td height=\"35\"></td>\r\n                      </tr>\r\n                      <!--logo-->\r\n                      <tr>\r\n                        <td align=\"center\" style=\"vertical-align:top;font-size:0;\">\r\n                          <a href=\"#\">\r\n                            <img style=\"display:block; line-height:0px; font-size:0px; border:0px;\" src=\"https://i.imgur.com/Z1qtvtV.png\" alt=\"img\">\r\n                          </a>\r\n                        </td>\r\n                      </tr>\r\n                      <!--end logo-->\r\n                      <tr>\r\n                        <td height=\"40\"></td>\r\n                      </tr>\r\n                      <!--headline-->\r\n                      <tr>\r\n                        <td align=\"center\" style=\"font-family: \'Open Sans\', Arial, sans-serif; font-size: 22px;color:#414a51;font-weight: bold;\">Hello Nimi xyz (Nimi)</td>\r\n                      </tr>\r\n                      <!--end headline-->\r\n                      <tr>\r\n                        <td align=\"center\" style=\"text-align:center;vertical-align:top;font-size:0;\">\r\n                          <table width=\"40\" border=\"0\" align=\"center\" cellpadding=\"0\" cellspacing=\"0\">\r\n                            <tbody><tr>\r\n                              <td height=\"20\" style=\" border-bottom:3px solid #0087ff;\"></td>\r\n                            </tr>\r\n                          </tbody></table>\r\n                        </td>\r\n                      </tr>\r\n                      <tr>\r\n                        <td height=\"20\"></td>\r\n                      </tr>\r\n                      <!--content-->\r\n                      <tr>\r\n                        <td align=\"left\" style=\"font-family: \'Open sans\', Arial, sans-serif; color:#7f8c8d; font-size:16px; line-height: 28px;\"><div>We have received a request to reset the password for your account on <b>20-10-2022 09:51:06 AM .<br></b></div><div>Requested From IP: <b>::1</b> using <b>Chrome</b> on <b>Windows 10 </b>.</div><div><br></div><br><div><div><div>Your account recovery code is:&nbsp;&nbsp; <font size=\"6\"><b>359684</b></font></div><div><br></div></div></div><div><br></div><div><font size=\"4\" color=\"#CC0000\">If you do not wish to reset your password, please disregard this message.&nbsp;</font><br></div><br></td>\r\n                      </tr>\r\n                      <!--end content-->\r\n                      <tr>\r\n                        <td height=\"40\"></td>\r\n                      </tr>\r\n              \r\n                    </tbody></table>\r\n                  </td>\r\n                </tr>\r\n                <tr>\r\n                  <td height=\"45\" align=\"center\" bgcolor=\"#f4f4f4\" style=\"border-bottom-left-radius:6px;border-bottom-right-radius:6px;\">\r\n                    <table align=\"center\" width=\"90%\" border=\"0\" cellspacing=\"0\" cellpadding=\"0\">\r\n                      <tbody><tr>\r\n                        <td height=\"10\"></td>\r\n                      </tr>\r\n                      <!--preference-->\r\n                      <tr>\r\n                        <td class=\"preference-link\" align=\"center\" style=\"font-family: \'Open sans\', Arial, sans-serif; color:#95a5a6; font-size:14px;\">\r\n                          © 2021 <a href=\"#\">Website Name</a> . All Rights Reserved. \r\n                        </td>\r\n                      </tr>\r\n                      <!--end preference-->\r\n                      <tr>\r\n                        <td height=\"10\"></td>\r\n                      </tr>\r\n                    </tbody></table>\r\n                  </td>\r\n                </tr>\r\n              </tbody></table>\r\n            </td>\r\n          </tr>\r\n        </tbody></table>\r\n      </td>\r\n    </tr>\r\n    <tr>\r\n      <td height=\"60\"></td>\r\n    </tr>\r\n  </tbody></table>', '2022-10-20 04:51:06', '2022-10-20 04:51:06'),
(4, 2, 'php', 'Courierlab do-not-reply@viserlab.com', 'nimrapervaiz1999@gmail.com', 'Password Reset', '<meta http-equiv=\"Content-Type\" content=\"text/html; charset=utf-8\">\r\n  <!--[if !mso]><!-->\r\n  <meta http-equiv=\"X-UA-Compatible\" content=\"IE=edge\">\r\n  <!--<![endif]-->\r\n  <meta name=\"viewport\" content=\"width=device-width, initial-scale=1.0\">\r\n  <title></title>\r\n  <style type=\"text/css\">\r\n.ReadMsgBody { width: 100%; background-color: #ffffff; }\r\n.ExternalClass { width: 100%; background-color: #ffffff; }\r\n.ExternalClass, .ExternalClass p, .ExternalClass span, .ExternalClass font, .ExternalClass td, .ExternalClass div { line-height: 100%; }\r\nhtml { width: 100%; }\r\nbody { -webkit-text-size-adjust: none; -ms-text-size-adjust: none; margin: 0; padding: 0; }\r\ntable { border-spacing: 0; table-layout: fixed; margin: 0 auto;border-collapse: collapse; }\r\ntable table table { table-layout: auto; }\r\n.yshortcuts a { border-bottom: none !important; }\r\nimg:hover { opacity: 0.9 !important; }\r\na { color: #0087ff; text-decoration: none; }\r\n.textbutton a { font-family: \'open sans\', arial, sans-serif !important;}\r\n.btn-link a { color:#FFFFFF !important;}\r\n\r\n@media only screen and (max-width: 480px) {\r\nbody { width: auto !important; }\r\n*[class=\"table-inner\"] { width: 90% !important; text-align: center !important; }\r\n*[class=\"table-full\"] { width: 100% !important; text-align: center !important; }\r\n/* image */\r\nimg[class=\"img1\"] { width: 100% !important; height: auto !important; }\r\n}\r\n</style>\r\n\r\n\r\n\r\n  <table bgcolor=\"#414a51\" width=\"100%\" border=\"0\" align=\"center\" cellpadding=\"0\" cellspacing=\"0\">\r\n    <tbody><tr>\r\n      <td height=\"50\"></td>\r\n    </tr>\r\n    <tr>\r\n      <td align=\"center\" style=\"text-align:center;vertical-align:top;font-size:0;\">\r\n        <table align=\"center\" border=\"0\" cellpadding=\"0\" cellspacing=\"0\">\r\n          <tbody><tr>\r\n            <td align=\"center\" width=\"600\">\r\n              <!--header-->\r\n              <table class=\"table-inner\" width=\"95%\" border=\"0\" align=\"center\" cellpadding=\"0\" cellspacing=\"0\">\r\n                <tbody><tr>\r\n                  <td bgcolor=\"#0087ff\" style=\"border-top-left-radius:6px; border-top-right-radius:6px;text-align:center;vertical-align:top;font-size:0;\" align=\"center\">\r\n                    <table width=\"90%\" border=\"0\" align=\"center\" cellpadding=\"0\" cellspacing=\"0\">\r\n                      <tbody><tr>\r\n                        <td height=\"20\"></td>\r\n                      </tr>\r\n                      <tr>\r\n                        <td align=\"center\" style=\"font-family: \'Open sans\', Arial, sans-serif; color:#FFFFFF; font-size:16px; font-weight: bold;\">This is a System Generated Email</td>\r\n                      </tr>\r\n                      <tr>\r\n                        <td height=\"20\"></td>\r\n                      </tr>\r\n                    </tbody></table>\r\n                  </td>\r\n                </tr>\r\n              </tbody></table>\r\n              <!--end header-->\r\n              <table class=\"table-inner\" width=\"95%\" border=\"0\" cellspacing=\"0\" cellpadding=\"0\">\r\n                <tbody><tr>\r\n                  <td bgcolor=\"#FFFFFF\" align=\"center\" style=\"text-align:center;vertical-align:top;font-size:0;\">\r\n                    <table align=\"center\" width=\"90%\" border=\"0\" cellspacing=\"0\" cellpadding=\"0\">\r\n                      <tbody><tr>\r\n                        <td height=\"35\"></td>\r\n                      </tr>\r\n                      <!--logo-->\r\n                      <tr>\r\n                        <td align=\"center\" style=\"vertical-align:top;font-size:0;\">\r\n                          <a href=\"#\">\r\n                            <img style=\"display:block; line-height:0px; font-size:0px; border:0px;\" src=\"https://i.imgur.com/Z1qtvtV.png\" alt=\"img\">\r\n                          </a>\r\n                        </td>\r\n                      </tr>\r\n                      <!--end logo-->\r\n                      <tr>\r\n                        <td height=\"40\"></td>\r\n                      </tr>\r\n                      <!--headline-->\r\n                      <tr>\r\n                        <td align=\"center\" style=\"font-family: \'Open Sans\', Arial, sans-serif; font-size: 22px;color:#414a51;font-weight: bold;\">Hello Nimi xyz (Nimi)</td>\r\n                      </tr>\r\n                      <!--end headline-->\r\n                      <tr>\r\n                        <td align=\"center\" style=\"text-align:center;vertical-align:top;font-size:0;\">\r\n                          <table width=\"40\" border=\"0\" align=\"center\" cellpadding=\"0\" cellspacing=\"0\">\r\n                            <tbody><tr>\r\n                              <td height=\"20\" style=\" border-bottom:3px solid #0087ff;\"></td>\r\n                            </tr>\r\n                          </tbody></table>\r\n                        </td>\r\n                      </tr>\r\n                      <tr>\r\n                        <td height=\"20\"></td>\r\n                      </tr>\r\n                      <!--content-->\r\n                      <tr>\r\n                        <td align=\"left\" style=\"font-family: \'Open sans\', Arial, sans-serif; color:#7f8c8d; font-size:16px; line-height: 28px;\"><div>We have received a request to reset the password for your account on <b>20-10-2022 09:52:25 AM .<br></b></div><div>Requested From IP: <b>::1</b> using <b>Chrome</b> on <b>Windows 10 </b>.</div><div><br></div><br><div><div><div>Your account recovery code is:&nbsp;&nbsp; <font size=\"6\"><b>872689</b></font></div><div><br></div></div></div><div><br></div><div><font size=\"4\" color=\"#CC0000\">If you do not wish to reset your password, please disregard this message.&nbsp;</font><br></div><br></td>\r\n                      </tr>\r\n                      <!--end content-->\r\n                      <tr>\r\n                        <td height=\"40\"></td>\r\n                      </tr>\r\n              \r\n                    </tbody></table>\r\n                  </td>\r\n                </tr>\r\n                <tr>\r\n                  <td height=\"45\" align=\"center\" bgcolor=\"#f4f4f4\" style=\"border-bottom-left-radius:6px;border-bottom-right-radius:6px;\">\r\n                    <table align=\"center\" width=\"90%\" border=\"0\" cellspacing=\"0\" cellpadding=\"0\">\r\n                      <tbody><tr>\r\n                        <td height=\"10\"></td>\r\n                      </tr>\r\n                      <!--preference-->\r\n                      <tr>\r\n                        <td class=\"preference-link\" align=\"center\" style=\"font-family: \'Open sans\', Arial, sans-serif; color:#95a5a6; font-size:14px;\">\r\n                          © 2021 <a href=\"#\">Website Name</a> . All Rights Reserved. \r\n                        </td>\r\n                      </tr>\r\n                      <!--end preference-->\r\n                      <tr>\r\n                        <td height=\"10\"></td>\r\n                      </tr>\r\n                    </tbody></table>\r\n                  </td>\r\n                </tr>\r\n              </tbody></table>\r\n            </td>\r\n          </tr>\r\n        </tbody></table>\r\n      </td>\r\n    </tr>\r\n    <tr>\r\n      <td height=\"60\"></td>\r\n    </tr>\r\n  </tbody></table>', '2022-10-20 04:52:25', '2022-10-20 04:52:25'),
(5, 2, 'php', 'Courierlab do-not-reply@viserlab.com', 'nimrapervaiz1999@gmail.com', 'Password Reset', '<meta http-equiv=\"Content-Type\" content=\"text/html; charset=utf-8\">\r\n  <!--[if !mso]><!-->\r\n  <meta http-equiv=\"X-UA-Compatible\" content=\"IE=edge\">\r\n  <!--<![endif]-->\r\n  <meta name=\"viewport\" content=\"width=device-width, initial-scale=1.0\">\r\n  <title></title>\r\n  <style type=\"text/css\">\r\n.ReadMsgBody { width: 100%; background-color: #ffffff; }\r\n.ExternalClass { width: 100%; background-color: #ffffff; }\r\n.ExternalClass, .ExternalClass p, .ExternalClass span, .ExternalClass font, .ExternalClass td, .ExternalClass div { line-height: 100%; }\r\nhtml { width: 100%; }\r\nbody { -webkit-text-size-adjust: none; -ms-text-size-adjust: none; margin: 0; padding: 0; }\r\ntable { border-spacing: 0; table-layout: fixed; margin: 0 auto;border-collapse: collapse; }\r\ntable table table { table-layout: auto; }\r\n.yshortcuts a { border-bottom: none !important; }\r\nimg:hover { opacity: 0.9 !important; }\r\na { color: #0087ff; text-decoration: none; }\r\n.textbutton a { font-family: \'open sans\', arial, sans-serif !important;}\r\n.btn-link a { color:#FFFFFF !important;}\r\n\r\n@media only screen and (max-width: 480px) {\r\nbody { width: auto !important; }\r\n*[class=\"table-inner\"] { width: 90% !important; text-align: center !important; }\r\n*[class=\"table-full\"] { width: 100% !important; text-align: center !important; }\r\n/* image */\r\nimg[class=\"img1\"] { width: 100% !important; height: auto !important; }\r\n}\r\n</style>\r\n\r\n\r\n\r\n  <table bgcolor=\"#414a51\" width=\"100%\" border=\"0\" align=\"center\" cellpadding=\"0\" cellspacing=\"0\">\r\n    <tbody><tr>\r\n      <td height=\"50\"></td>\r\n    </tr>\r\n    <tr>\r\n      <td align=\"center\" style=\"text-align:center;vertical-align:top;font-size:0;\">\r\n        <table align=\"center\" border=\"0\" cellpadding=\"0\" cellspacing=\"0\">\r\n          <tbody><tr>\r\n            <td align=\"center\" width=\"600\">\r\n              <!--header-->\r\n              <table class=\"table-inner\" width=\"95%\" border=\"0\" align=\"center\" cellpadding=\"0\" cellspacing=\"0\">\r\n                <tbody><tr>\r\n                  <td bgcolor=\"#0087ff\" style=\"border-top-left-radius:6px; border-top-right-radius:6px;text-align:center;vertical-align:top;font-size:0;\" align=\"center\">\r\n                    <table width=\"90%\" border=\"0\" align=\"center\" cellpadding=\"0\" cellspacing=\"0\">\r\n                      <tbody><tr>\r\n                        <td height=\"20\"></td>\r\n                      </tr>\r\n                      <tr>\r\n                        <td align=\"center\" style=\"font-family: \'Open sans\', Arial, sans-serif; color:#FFFFFF; font-size:16px; font-weight: bold;\">This is a System Generated Email</td>\r\n                      </tr>\r\n                      <tr>\r\n                        <td height=\"20\"></td>\r\n                      </tr>\r\n                    </tbody></table>\r\n                  </td>\r\n                </tr>\r\n              </tbody></table>\r\n              <!--end header-->\r\n              <table class=\"table-inner\" width=\"95%\" border=\"0\" cellspacing=\"0\" cellpadding=\"0\">\r\n                <tbody><tr>\r\n                  <td bgcolor=\"#FFFFFF\" align=\"center\" style=\"text-align:center;vertical-align:top;font-size:0;\">\r\n                    <table align=\"center\" width=\"90%\" border=\"0\" cellspacing=\"0\" cellpadding=\"0\">\r\n                      <tbody><tr>\r\n                        <td height=\"35\"></td>\r\n                      </tr>\r\n                      <!--logo-->\r\n                      <tr>\r\n                        <td align=\"center\" style=\"vertical-align:top;font-size:0;\">\r\n                          <a href=\"#\">\r\n                            <img style=\"display:block; line-height:0px; font-size:0px; border:0px;\" src=\"https://i.imgur.com/Z1qtvtV.png\" alt=\"img\">\r\n                          </a>\r\n                        </td>\r\n                      </tr>\r\n                      <!--end logo-->\r\n                      <tr>\r\n                        <td height=\"40\"></td>\r\n                      </tr>\r\n                      <!--headline-->\r\n                      <tr>\r\n                        <td align=\"center\" style=\"font-family: \'Open Sans\', Arial, sans-serif; font-size: 22px;color:#414a51;font-weight: bold;\">Hello Nimi xyz (Nimi)</td>\r\n                      </tr>\r\n                      <!--end headline-->\r\n                      <tr>\r\n                        <td align=\"center\" style=\"text-align:center;vertical-align:top;font-size:0;\">\r\n                          <table width=\"40\" border=\"0\" align=\"center\" cellpadding=\"0\" cellspacing=\"0\">\r\n                            <tbody><tr>\r\n                              <td height=\"20\" style=\" border-bottom:3px solid #0087ff;\"></td>\r\n                            </tr>\r\n                          </tbody></table>\r\n                        </td>\r\n                      </tr>\r\n                      <tr>\r\n                        <td height=\"20\"></td>\r\n                      </tr>\r\n                      <!--content-->\r\n                      <tr>\r\n                        <td align=\"left\" style=\"font-family: \'Open sans\', Arial, sans-serif; color:#7f8c8d; font-size:16px; line-height: 28px;\"><div>We have received a request to reset the password for your account on <b>20-10-2022 09:59:03 AM .<br></b></div><div>Requested From IP: <b>::1</b> using <b>Chrome</b> on <b>Windows 10 </b>.</div><div><br></div><br><div><div><div>Your account recovery code is:&nbsp;&nbsp; <font size=\"6\"><b>534207</b></font></div><div><br></div></div></div><div><br></div><div><font size=\"4\" color=\"#CC0000\">If you do not wish to reset your password, please disregard this message.&nbsp;</font><br></div><br></td>\r\n                      </tr>\r\n                      <!--end content-->\r\n                      <tr>\r\n                        <td height=\"40\"></td>\r\n                      </tr>\r\n              \r\n                    </tbody></table>\r\n                  </td>\r\n                </tr>\r\n                <tr>\r\n                  <td height=\"45\" align=\"center\" bgcolor=\"#f4f4f4\" style=\"border-bottom-left-radius:6px;border-bottom-right-radius:6px;\">\r\n                    <table align=\"center\" width=\"90%\" border=\"0\" cellspacing=\"0\" cellpadding=\"0\">\r\n                      <tbody><tr>\r\n                        <td height=\"10\"></td>\r\n                      </tr>\r\n                      <!--preference-->\r\n                      <tr>\r\n                        <td class=\"preference-link\" align=\"center\" style=\"font-family: \'Open sans\', Arial, sans-serif; color:#95a5a6; font-size:14px;\">\r\n                          © 2021 <a href=\"#\">Website Name</a> . All Rights Reserved. \r\n                        </td>\r\n                      </tr>\r\n                      <!--end preference-->\r\n                      <tr>\r\n                        <td height=\"10\"></td>\r\n                      </tr>\r\n                    </tbody></table>\r\n                  </td>\r\n                </tr>\r\n              </tbody></table>\r\n            </td>\r\n          </tr>\r\n        </tbody></table>\r\n      </td>\r\n    </tr>\r\n    <tr>\r\n      <td height=\"60\"></td>\r\n    </tr>\r\n  </tbody></table>', '2022-10-20 04:59:03', '2022-10-20 04:59:03'),
(6, 2, 'php', 'Courierlab do-not-reply@viserlab.com', 'nimrapervaiz1999@gmail.com', 'Password Reset', '<meta http-equiv=\"Content-Type\" content=\"text/html; charset=utf-8\">\r\n  <!--[if !mso]><!-->\r\n  <meta http-equiv=\"X-UA-Compatible\" content=\"IE=edge\">\r\n  <!--<![endif]-->\r\n  <meta name=\"viewport\" content=\"width=device-width, initial-scale=1.0\">\r\n  <title></title>\r\n  <style type=\"text/css\">\r\n.ReadMsgBody { width: 100%; background-color: #ffffff; }\r\n.ExternalClass { width: 100%; background-color: #ffffff; }\r\n.ExternalClass, .ExternalClass p, .ExternalClass span, .ExternalClass font, .ExternalClass td, .ExternalClass div { line-height: 100%; }\r\nhtml { width: 100%; }\r\nbody { -webkit-text-size-adjust: none; -ms-text-size-adjust: none; margin: 0; padding: 0; }\r\ntable { border-spacing: 0; table-layout: fixed; margin: 0 auto;border-collapse: collapse; }\r\ntable table table { table-layout: auto; }\r\n.yshortcuts a { border-bottom: none !important; }\r\nimg:hover { opacity: 0.9 !important; }\r\na { color: #0087ff; text-decoration: none; }\r\n.textbutton a { font-family: \'open sans\', arial, sans-serif !important;}\r\n.btn-link a { color:#FFFFFF !important;}\r\n\r\n@media only screen and (max-width: 480px) {\r\nbody { width: auto !important; }\r\n*[class=\"table-inner\"] { width: 90% !important; text-align: center !important; }\r\n*[class=\"table-full\"] { width: 100% !important; text-align: center !important; }\r\n/* image */\r\nimg[class=\"img1\"] { width: 100% !important; height: auto !important; }\r\n}\r\n</style>\r\n\r\n\r\n\r\n  <table bgcolor=\"#414a51\" width=\"100%\" border=\"0\" align=\"center\" cellpadding=\"0\" cellspacing=\"0\">\r\n    <tbody><tr>\r\n      <td height=\"50\"></td>\r\n    </tr>\r\n    <tr>\r\n      <td align=\"center\" style=\"text-align:center;vertical-align:top;font-size:0;\">\r\n        <table align=\"center\" border=\"0\" cellpadding=\"0\" cellspacing=\"0\">\r\n          <tbody><tr>\r\n            <td align=\"center\" width=\"600\">\r\n              <!--header-->\r\n              <table class=\"table-inner\" width=\"95%\" border=\"0\" align=\"center\" cellpadding=\"0\" cellspacing=\"0\">\r\n                <tbody><tr>\r\n                  <td bgcolor=\"#0087ff\" style=\"border-top-left-radius:6px; border-top-right-radius:6px;text-align:center;vertical-align:top;font-size:0;\" align=\"center\">\r\n                    <table width=\"90%\" border=\"0\" align=\"center\" cellpadding=\"0\" cellspacing=\"0\">\r\n                      <tbody><tr>\r\n                        <td height=\"20\"></td>\r\n                      </tr>\r\n                      <tr>\r\n                        <td align=\"center\" style=\"font-family: \'Open sans\', Arial, sans-serif; color:#FFFFFF; font-size:16px; font-weight: bold;\">This is a System Generated Email</td>\r\n                      </tr>\r\n                      <tr>\r\n                        <td height=\"20\"></td>\r\n                      </tr>\r\n                    </tbody></table>\r\n                  </td>\r\n                </tr>\r\n              </tbody></table>\r\n              <!--end header-->\r\n              <table class=\"table-inner\" width=\"95%\" border=\"0\" cellspacing=\"0\" cellpadding=\"0\">\r\n                <tbody><tr>\r\n                  <td bgcolor=\"#FFFFFF\" align=\"center\" style=\"text-align:center;vertical-align:top;font-size:0;\">\r\n                    <table align=\"center\" width=\"90%\" border=\"0\" cellspacing=\"0\" cellpadding=\"0\">\r\n                      <tbody><tr>\r\n                        <td height=\"35\"></td>\r\n                      </tr>\r\n                      <!--logo-->\r\n                      <tr>\r\n                        <td align=\"center\" style=\"vertical-align:top;font-size:0;\">\r\n                          <a href=\"#\">\r\n                            <img style=\"display:block; line-height:0px; font-size:0px; border:0px;\" src=\"https://i.imgur.com/Z1qtvtV.png\" alt=\"img\">\r\n                          </a>\r\n                        </td>\r\n                      </tr>\r\n                      <!--end logo-->\r\n                      <tr>\r\n                        <td height=\"40\"></td>\r\n                      </tr>\r\n                      <!--headline-->\r\n                      <tr>\r\n                        <td align=\"center\" style=\"font-family: \'Open Sans\', Arial, sans-serif; font-size: 22px;color:#414a51;font-weight: bold;\">Hello Nimi xyz (Nimi)</td>\r\n                      </tr>\r\n                      <!--end headline-->\r\n                      <tr>\r\n                        <td align=\"center\" style=\"text-align:center;vertical-align:top;font-size:0;\">\r\n                          <table width=\"40\" border=\"0\" align=\"center\" cellpadding=\"0\" cellspacing=\"0\">\r\n                            <tbody><tr>\r\n                              <td height=\"20\" style=\" border-bottom:3px solid #0087ff;\"></td>\r\n                            </tr>\r\n                          </tbody></table>\r\n                        </td>\r\n                      </tr>\r\n                      <tr>\r\n                        <td height=\"20\"></td>\r\n                      </tr>\r\n                      <!--content-->\r\n                      <tr>\r\n                        <td align=\"left\" style=\"font-family: \'Open sans\', Arial, sans-serif; color:#7f8c8d; font-size:16px; line-height: 28px;\"><div>We have received a request to reset the password for your account on <b>20-10-2022 10:26:56 AM .<br></b></div><div>Requested From IP: <b>::1</b> using <b>Chrome</b> on <b>Windows 10 </b>.</div><div><br></div><br><div><div><div>Your account recovery code is:&nbsp;&nbsp; <font size=\"6\"><b>955186</b></font></div><div><br></div></div></div><div><br></div><div><font size=\"4\" color=\"#CC0000\">If you do not wish to reset your password, please disregard this message.&nbsp;</font><br></div><br></td>\r\n                      </tr>\r\n                      <!--end content-->\r\n                      <tr>\r\n                        <td height=\"40\"></td>\r\n                      </tr>\r\n              \r\n                    </tbody></table>\r\n                  </td>\r\n                </tr>\r\n                <tr>\r\n                  <td height=\"45\" align=\"center\" bgcolor=\"#f4f4f4\" style=\"border-bottom-left-radius:6px;border-bottom-right-radius:6px;\">\r\n                    <table align=\"center\" width=\"90%\" border=\"0\" cellspacing=\"0\" cellpadding=\"0\">\r\n                      <tbody><tr>\r\n                        <td height=\"10\"></td>\r\n                      </tr>\r\n                      <!--preference-->\r\n                      <tr>\r\n                        <td class=\"preference-link\" align=\"center\" style=\"font-family: \'Open sans\', Arial, sans-serif; color:#95a5a6; font-size:14px;\">\r\n                          © 2021 <a href=\"#\">Website Name</a> . All Rights Reserved. \r\n                        </td>\r\n                      </tr>\r\n                      <!--end preference-->\r\n                      <tr>\r\n                        <td height=\"10\"></td>\r\n                      </tr>\r\n                    </tbody></table>\r\n                  </td>\r\n                </tr>\r\n              </tbody></table>\r\n            </td>\r\n          </tr>\r\n        </tbody></table>\r\n      </td>\r\n    </tr>\r\n    <tr>\r\n      <td height=\"60\"></td>\r\n    </tr>\r\n  </tbody></table>', '2022-10-20 05:26:56', '2022-10-20 05:26:56');
INSERT INTO `email_logs` (`id`, `user_id`, `mail_sender`, `email_from`, `email_to`, `subject`, `message`, `created_at`, `updated_at`) VALUES
(7, 3, 'php', 'Courierlab do-not-reply@viserlab.com', 'chabdulrehmanking06@gmail.com', 'Manager create', '<meta http-equiv=\"Content-Type\" content=\"text/html; charset=utf-8\">\r\n  <!--[if !mso]><!-->\r\n  <meta http-equiv=\"X-UA-Compatible\" content=\"IE=edge\">\r\n  <!--<![endif]-->\r\n  <meta name=\"viewport\" content=\"width=device-width, initial-scale=1.0\">\r\n  <title></title>\r\n  <style type=\"text/css\">\r\n.ReadMsgBody { width: 100%; background-color: #ffffff; }\r\n.ExternalClass { width: 100%; background-color: #ffffff; }\r\n.ExternalClass, .ExternalClass p, .ExternalClass span, .ExternalClass font, .ExternalClass td, .ExternalClass div { line-height: 100%; }\r\nhtml { width: 100%; }\r\nbody { -webkit-text-size-adjust: none; -ms-text-size-adjust: none; margin: 0; padding: 0; }\r\ntable { border-spacing: 0; table-layout: fixed; margin: 0 auto;border-collapse: collapse; }\r\ntable table table { table-layout: auto; }\r\n.yshortcuts a { border-bottom: none !important; }\r\nimg:hover { opacity: 0.9 !important; }\r\na { color: #0087ff; text-decoration: none; }\r\n.textbutton a { font-family: \'open sans\', arial, sans-serif !important;}\r\n.btn-link a { color:#FFFFFF !important;}\r\n\r\n@media only screen and (max-width: 480px) {\r\nbody { width: auto !important; }\r\n*[class=\"table-inner\"] { width: 90% !important; text-align: center !important; }\r\n*[class=\"table-full\"] { width: 100% !important; text-align: center !important; }\r\n/* image */\r\nimg[class=\"img1\"] { width: 100% !important; height: auto !important; }\r\n}\r\n</style>\r\n\r\n\r\n\r\n  <table bgcolor=\"#414a51\" width=\"100%\" border=\"0\" align=\"center\" cellpadding=\"0\" cellspacing=\"0\">\r\n    <tbody><tr>\r\n      <td height=\"50\"></td>\r\n    </tr>\r\n    <tr>\r\n      <td align=\"center\" style=\"text-align:center;vertical-align:top;font-size:0;\">\r\n        <table align=\"center\" border=\"0\" cellpadding=\"0\" cellspacing=\"0\">\r\n          <tbody><tr>\r\n            <td align=\"center\" width=\"600\">\r\n              <!--header-->\r\n              <table class=\"table-inner\" width=\"95%\" border=\"0\" align=\"center\" cellpadding=\"0\" cellspacing=\"0\">\r\n                <tbody><tr>\r\n                  <td bgcolor=\"#0087ff\" style=\"border-top-left-radius:6px; border-top-right-radius:6px;text-align:center;vertical-align:top;font-size:0;\" align=\"center\">\r\n                    <table width=\"90%\" border=\"0\" align=\"center\" cellpadding=\"0\" cellspacing=\"0\">\r\n                      <tbody><tr>\r\n                        <td height=\"20\"></td>\r\n                      </tr>\r\n                      <tr>\r\n                        <td align=\"center\" style=\"font-family: \'Open sans\', Arial, sans-serif; color:#FFFFFF; font-size:16px; font-weight: bold;\">This is a System Generated Email</td>\r\n                      </tr>\r\n                      <tr>\r\n                        <td height=\"20\"></td>\r\n                      </tr>\r\n                    </tbody></table>\r\n                  </td>\r\n                </tr>\r\n              </tbody></table>\r\n              <!--end header-->\r\n              <table class=\"table-inner\" width=\"95%\" border=\"0\" cellspacing=\"0\" cellpadding=\"0\">\r\n                <tbody><tr>\r\n                  <td bgcolor=\"#FFFFFF\" align=\"center\" style=\"text-align:center;vertical-align:top;font-size:0;\">\r\n                    <table align=\"center\" width=\"90%\" border=\"0\" cellspacing=\"0\" cellpadding=\"0\">\r\n                      <tbody><tr>\r\n                        <td height=\"35\"></td>\r\n                      </tr>\r\n                      <!--logo-->\r\n                      <tr>\r\n                        <td align=\"center\" style=\"vertical-align:top;font-size:0;\">\r\n                          <a href=\"#\">\r\n                            <img style=\"display:block; line-height:0px; font-size:0px; border:0px;\" src=\"https://i.imgur.com/Z1qtvtV.png\" alt=\"img\">\r\n                          </a>\r\n                        </td>\r\n                      </tr>\r\n                      <!--end logo-->\r\n                      <tr>\r\n                        <td height=\"40\"></td>\r\n                      </tr>\r\n                      <!--headline-->\r\n                      <tr>\r\n                        <td align=\"center\" style=\"font-family: \'Open Sans\', Arial, sans-serif; font-size: 22px;color:#414a51;font-weight: bold;\">Hello LucyAlison ajksa (Nimo)</td>\r\n                      </tr>\r\n                      <!--end headline-->\r\n                      <tr>\r\n                        <td align=\"center\" style=\"text-align:center;vertical-align:top;font-size:0;\">\r\n                          <table width=\"40\" border=\"0\" align=\"center\" cellpadding=\"0\" cellspacing=\"0\">\r\n                            <tbody><tr>\r\n                              <td height=\"20\" style=\" border-bottom:3px solid #0087ff;\"></td>\r\n                            </tr>\r\n                          </tbody></table>\r\n                        </td>\r\n                      </tr>\r\n                      <tr>\r\n                        <td height=\"20\"></td>\r\n                      </tr>\r\n                      <!--content-->\r\n                      <tr>\r\n                        <td align=\"left\" style=\"font-family: \'Open sans\', Arial, sans-serif; color:#7f8c8d; font-size:16px; line-height: 28px;\"><div>Manager username Nimo and  chabdulrehmanking06@gmail.com has and nimo123 .</div><div><br></div><div></td>\r\n                      </tr>\r\n                      <!--end content-->\r\n                      <tr>\r\n                        <td height=\"40\"></td>\r\n                      </tr>\r\n              \r\n                    </tbody></table>\r\n                  </td>\r\n                </tr>\r\n                <tr>\r\n                  <td height=\"45\" align=\"center\" bgcolor=\"#f4f4f4\" style=\"border-bottom-left-radius:6px;border-bottom-right-radius:6px;\">\r\n                    <table align=\"center\" width=\"90%\" border=\"0\" cellspacing=\"0\" cellpadding=\"0\">\r\n                      <tbody><tr>\r\n                        <td height=\"10\"></td>\r\n                      </tr>\r\n                      <!--preference-->\r\n                      <tr>\r\n                        <td class=\"preference-link\" align=\"center\" style=\"font-family: \'Open sans\', Arial, sans-serif; color:#95a5a6; font-size:14px;\">\r\n                          © 2021 <a href=\"#\">Website Name</a> . All Rights Reserved. \r\n                        </td>\r\n                      </tr>\r\n                      <!--end preference-->\r\n                      <tr>\r\n                        <td height=\"10\"></td>\r\n                      </tr>\r\n                    </tbody></table>\r\n                  </td>\r\n                </tr>\r\n              </tbody></table>\r\n            </td>\r\n          </tr>\r\n        </tbody></table>\r\n      </td>\r\n    </tr>\r\n    <tr>\r\n      <td height=\"60\"></td>\r\n    </tr>\r\n  </tbody></table>', '2022-10-20 07:29:16', '2022-10-20 07:29:16'),
(8, 4, 'php', 'Courierlab do-not-reply@viserlab.com', 'kadjksajslkd@gmail.com', 'Staff Create', '<meta http-equiv=\"Content-Type\" content=\"text/html; charset=utf-8\">\r\n  <!--[if !mso]><!-->\r\n  <meta http-equiv=\"X-UA-Compatible\" content=\"IE=edge\">\r\n  <!--<![endif]-->\r\n  <meta name=\"viewport\" content=\"width=device-width, initial-scale=1.0\">\r\n  <title></title>\r\n  <style type=\"text/css\">\r\n.ReadMsgBody { width: 100%; background-color: #ffffff; }\r\n.ExternalClass { width: 100%; background-color: #ffffff; }\r\n.ExternalClass, .ExternalClass p, .ExternalClass span, .ExternalClass font, .ExternalClass td, .ExternalClass div { line-height: 100%; }\r\nhtml { width: 100%; }\r\nbody { -webkit-text-size-adjust: none; -ms-text-size-adjust: none; margin: 0; padding: 0; }\r\ntable { border-spacing: 0; table-layout: fixed; margin: 0 auto;border-collapse: collapse; }\r\ntable table table { table-layout: auto; }\r\n.yshortcuts a { border-bottom: none !important; }\r\nimg:hover { opacity: 0.9 !important; }\r\na { color: #0087ff; text-decoration: none; }\r\n.textbutton a { font-family: \'open sans\', arial, sans-serif !important;}\r\n.btn-link a { color:#FFFFFF !important;}\r\n\r\n@media only screen and (max-width: 480px) {\r\nbody { width: auto !important; }\r\n*[class=\"table-inner\"] { width: 90% !important; text-align: center !important; }\r\n*[class=\"table-full\"] { width: 100% !important; text-align: center !important; }\r\n/* image */\r\nimg[class=\"img1\"] { width: 100% !important; height: auto !important; }\r\n}\r\n</style>\r\n\r\n\r\n\r\n  <table bgcolor=\"#414a51\" width=\"100%\" border=\"0\" align=\"center\" cellpadding=\"0\" cellspacing=\"0\">\r\n    <tbody><tr>\r\n      <td height=\"50\"></td>\r\n    </tr>\r\n    <tr>\r\n      <td align=\"center\" style=\"text-align:center;vertical-align:top;font-size:0;\">\r\n        <table align=\"center\" border=\"0\" cellpadding=\"0\" cellspacing=\"0\">\r\n          <tbody><tr>\r\n            <td align=\"center\" width=\"600\">\r\n              <!--header-->\r\n              <table class=\"table-inner\" width=\"95%\" border=\"0\" align=\"center\" cellpadding=\"0\" cellspacing=\"0\">\r\n                <tbody><tr>\r\n                  <td bgcolor=\"#0087ff\" style=\"border-top-left-radius:6px; border-top-right-radius:6px;text-align:center;vertical-align:top;font-size:0;\" align=\"center\">\r\n                    <table width=\"90%\" border=\"0\" align=\"center\" cellpadding=\"0\" cellspacing=\"0\">\r\n                      <tbody><tr>\r\n                        <td height=\"20\"></td>\r\n                      </tr>\r\n                      <tr>\r\n                        <td align=\"center\" style=\"font-family: \'Open sans\', Arial, sans-serif; color:#FFFFFF; font-size:16px; font-weight: bold;\">This is a System Generated Email</td>\r\n                      </tr>\r\n                      <tr>\r\n                        <td height=\"20\"></td>\r\n                      </tr>\r\n                    </tbody></table>\r\n                  </td>\r\n                </tr>\r\n              </tbody></table>\r\n              <!--end header-->\r\n              <table class=\"table-inner\" width=\"95%\" border=\"0\" cellspacing=\"0\" cellpadding=\"0\">\r\n                <tbody><tr>\r\n                  <td bgcolor=\"#FFFFFF\" align=\"center\" style=\"text-align:center;vertical-align:top;font-size:0;\">\r\n                    <table align=\"center\" width=\"90%\" border=\"0\" cellspacing=\"0\" cellpadding=\"0\">\r\n                      <tbody><tr>\r\n                        <td height=\"35\"></td>\r\n                      </tr>\r\n                      <!--logo-->\r\n                      <tr>\r\n                        <td align=\"center\" style=\"vertical-align:top;font-size:0;\">\r\n                          <a href=\"#\">\r\n                            <img style=\"display:block; line-height:0px; font-size:0px; border:0px;\" src=\"https://i.imgur.com/Z1qtvtV.png\" alt=\"img\">\r\n                          </a>\r\n                        </td>\r\n                      </tr>\r\n                      <!--end logo-->\r\n                      <tr>\r\n                        <td height=\"40\"></td>\r\n                      </tr>\r\n                      <!--headline-->\r\n                      <tr>\r\n                        <td align=\"center\" style=\"font-family: \'Open Sans\', Arial, sans-serif; font-size: 22px;color:#414a51;font-weight: bold;\">Hello LucyAlison kldjlsa (LucyAlison)</td>\r\n                      </tr>\r\n                      <!--end headline-->\r\n                      <tr>\r\n                        <td align=\"center\" style=\"text-align:center;vertical-align:top;font-size:0;\">\r\n                          <table width=\"40\" border=\"0\" align=\"center\" cellpadding=\"0\" cellspacing=\"0\">\r\n                            <tbody><tr>\r\n                              <td height=\"20\" style=\" border-bottom:3px solid #0087ff;\"></td>\r\n                            </tr>\r\n                          </tbody></table>\r\n                        </td>\r\n                      </tr>\r\n                      <tr>\r\n                        <td height=\"20\"></td>\r\n                      </tr>\r\n                      <!--content-->\r\n                      <tr>\r\n                        <td align=\"left\" style=\"font-family: \'Open sans\', Arial, sans-serif; color:#7f8c8d; font-size:16px; line-height: 28px;\"><div>Staff username LucyAlison and  kadjksajslkd@gmail.com has and lucy123 .</div><div><br></div><div></td>\r\n                      </tr>\r\n                      <!--end content-->\r\n                      <tr>\r\n                        <td height=\"40\"></td>\r\n                      </tr>\r\n              \r\n                    </tbody></table>\r\n                  </td>\r\n                </tr>\r\n                <tr>\r\n                  <td height=\"45\" align=\"center\" bgcolor=\"#f4f4f4\" style=\"border-bottom-left-radius:6px;border-bottom-right-radius:6px;\">\r\n                    <table align=\"center\" width=\"90%\" border=\"0\" cellspacing=\"0\" cellpadding=\"0\">\r\n                      <tbody><tr>\r\n                        <td height=\"10\"></td>\r\n                      </tr>\r\n                      <!--preference-->\r\n                      <tr>\r\n                        <td class=\"preference-link\" align=\"center\" style=\"font-family: \'Open sans\', Arial, sans-serif; color:#95a5a6; font-size:14px;\">\r\n                          © 2021 <a href=\"#\">Website Name</a> . All Rights Reserved. \r\n                        </td>\r\n                      </tr>\r\n                      <!--end preference-->\r\n                      <tr>\r\n                        <td height=\"10\"></td>\r\n                      </tr>\r\n                    </tbody></table>\r\n                  </td>\r\n                </tr>\r\n              </tbody></table>\r\n            </td>\r\n          </tr>\r\n        </tbody></table>\r\n      </td>\r\n    </tr>\r\n    <tr>\r\n      <td height=\"60\"></td>\r\n    </tr>\r\n  </tbody></table>', '2022-10-20 08:27:02', '2022-10-20 08:27:02');

-- --------------------------------------------------------

--
-- Table structure for table `email_sms_templates`
--

CREATE TABLE `email_sms_templates` (
  `id` bigint(20) UNSIGNED NOT NULL,
  `act` varchar(40) COLLATE utf8mb4_unicode_ci NOT NULL,
  `name` varchar(40) COLLATE utf8mb4_unicode_ci NOT NULL,
  `subj` varchar(255) COLLATE utf8mb4_unicode_ci NOT NULL,
  `email_body` text COLLATE utf8mb4_unicode_ci DEFAULT NULL,
  `sms_body` text COLLATE utf8mb4_unicode_ci DEFAULT NULL,
  `shortcodes` text COLLATE utf8mb4_unicode_ci NOT NULL,
  `email_status` tinyint(1) NOT NULL DEFAULT 1,
  `sms_status` tinyint(1) NOT NULL DEFAULT 1,
  `created_at` timestamp NULL DEFAULT NULL,
  `updated_at` timestamp NULL DEFAULT NULL
) ENGINE=InnoDB DEFAULT CHARSET=utf8mb4 COLLATE=utf8mb4_unicode_ci;

--
-- Dumping data for table `email_sms_templates`
--

INSERT INTO `email_sms_templates` (`id`, `act`, `name`, `subj`, `email_body`, `sms_body`, `shortcodes`, `email_status`, `sms_status`, `created_at`, `updated_at`) VALUES
(1, 'PASS_RESET_CODE', 'Password Reset', 'Password Reset', '<div>We have received a request to reset the password for your account on <b>{{time}} .<br></b></div><div>Requested From IP: <b>{{ip}}</b> using <b>{{browser}}</b> on <b>{{operating_system}} </b>.</div><div><br></div><br><div><div><div>Your account recovery code is:&nbsp;&nbsp; <font size=\"6\"><b>{{code}}</b></font></div><div><br></div></div></div><div><br></div><div><font size=\"4\" color=\"#CC0000\">If you do not wish to reset your password, please disregard this message.&nbsp;</font><br></div><br>', 'Your account recovery code is: {{code}}', ' {\"code\":\"Password Reset Code\",\"ip\":\"IP of User\",\"browser\":\"Browser of User\",\"operating_system\":\"Operating System of User\",\"time\":\"Request Time\"}', 1, 1, '2019-09-24 23:04:05', '2021-01-06 00:49:06'),
(2, 'PASS_RESET_DONE', 'Password Reset Confirmation', 'You have Reset your password', '<div><p>\r\n    You have successfully reset your password.</p><p>You changed from&nbsp; IP: <b>{{ip}}</b> using <b>{{browser}}</b> on <b>{{operating_system}}&nbsp;</b> on <b>{{time}}</b></p><p><b><br></b></p><p><font color=\"#FF0000\"><b>If you did not changed that, Please contact with us as soon as possible.</b></font><br></p></div>', 'Your password has been changed successfully', '{\"ip\":\"IP of User\",\"browser\":\"Browser of User\",\"operating_system\":\"Operating System of User\",\"time\":\"Request Time\"}', 1, 1, '2019-09-24 23:04:05', '2020-03-07 10:23:47'),
(3, 'EVER_CODE', 'Email Verification', 'Please verify your email address', '<div><br></div><div>Thanks For join with us. <br></div><div>Please use below code to verify your email address.<br></div><div><br></div><div>Your email verification code is:<font size=\"6\"><b> {{code}}</b></font></div>', 'Your email verification code is: {{code}}', '{\"code\":\"Verification code\"}', 1, 1, '2019-09-24 23:04:05', '2021-01-03 23:35:10'),
(4, 'SVER_CODE', 'SMS Verification ', 'Please verify your phone', 'Your phone verification code is: {{code}}', 'Your phone verification code is: {{code}}', '{\"code\":\"Verification code\"}', 0, 1, '2019-09-24 23:04:05', '2020-03-08 01:28:52'),
(5, '2FA_ENABLE', 'Google Two Factor - Enable', 'Google Two Factor Authentication is now  Enabled for Your Account', '<div>You just enabled Google Two Factor Authentication for Your Account.</div><div><br></div><div>Enabled at <b>{{time}} </b>From IP: <b>{{ip}}</b> using <b>{{browser}}</b> on <b>{{operating_system}} </b>.</div>', 'Your verification code is: {{code}}', '{\"ip\":\"IP of User\",\"browser\":\"Browser of User\",\"operating_system\":\"Operating System of User\",\"time\":\"Request Time\"}', 1, 1, '2019-09-24 23:04:05', '2020-03-08 01:42:59'),
(6, '2FA_DISABLE', 'Google Two Factor Disable', 'Google Two Factor Authentication is now  Disabled for Your Account', '<div>You just Disabled Google Two Factor Authentication for Your Account.</div><div><br></div><div>Disabled at <b>{{time}} </b>From IP: <b>{{ip}}</b> using <b>{{browser}}</b> on <b>{{operating_system}} </b>.</div>', 'Google two factor verification is disabled', '{\"ip\":\"IP of User\",\"browser\":\"Browser of User\",\"operating_system\":\"Operating System of User\",\"time\":\"Request Time\"}', 1, 1, '2019-09-24 23:04:05', '2020-03-08 01:43:46'),
(16, 'ADMIN_SUPPORT_REPLY', 'Support Ticket Reply ', 'Reply Support Ticket', '<div><p><span style=\"font-size: 11pt;\" data-mce-style=\"font-size: 11pt;\"><strong>A member from our support team has replied to the following ticket:</strong></span></p><p><b><span style=\"font-size: 11pt;\" data-mce-style=\"font-size: 11pt;\"><strong><br></strong></span></b></p><p><b>[Ticket#{{ticket_id}}] {{ticket_subject}}<br><br>Click here to reply:&nbsp; {{link}}</b></p><p>----------------------------------------------</p><p>Here is the reply : <br></p><p> {{reply}}<br></p></div><div><br></div>', '{{subject}}\r\n\r\n{{reply}}\r\n\r\n\r\nClick here to reply:  {{link}}', '{\"ticket_id\":\"Support Ticket ID\", \"ticket_subject\":\"Subject Of Support Ticket\", \"reply\":\"Reply from Staff/Admin\",\"link\":\"Ticket URL For relpy\"}', 1, 1, '2020-06-08 18:00:00', '2020-05-04 02:24:40'),
(217, 'MANAGER_CREATE', 'Manager Create', 'Manager create', '<div>Manager username {{username}} and  {{email}} has and {{password}} .</div><div><br></div><div>', '{{username}} {{email}} and {{password}} .', '{\"username\":\"Manager Username\",\"email\":\"Manager Email\",\"password\":\"Manager Password\"}', 1, 1, NULL, NULL),
(218, 'STAFF_CREATE', 'Staff Create', 'Staff Create', '<div>Staff username {{username}} and  {{email}} has and {{password}} .</div><div><br></div><div>', '{{username}} {{email}} and {{password}} .', '{\"username\":\"Staff Username\",\"email\":\"Staff Email\",\"password\":\"Staff Password\"}', 1, 1, NULL, NULL);

-- --------------------------------------------------------

--
-- Table structure for table `extensions`
--

CREATE TABLE `extensions` (
  `id` bigint(20) UNSIGNED NOT NULL,
  `act` varchar(40) COLLATE utf8mb4_unicode_ci NOT NULL,
  `name` varchar(40) COLLATE utf8mb4_unicode_ci NOT NULL,
  `description` text COLLATE utf8mb4_unicode_ci DEFAULT NULL,
  `image` varchar(255) COLLATE utf8mb4_unicode_ci DEFAULT NULL,
  `script` text COLLATE utf8mb4_unicode_ci DEFAULT NULL,
  `shortcode` text COLLATE utf8mb4_unicode_ci DEFAULT NULL COMMENT 'object',
  `support` text COLLATE utf8mb4_unicode_ci DEFAULT NULL COMMENT 'help section',
  `status` tinyint(1) NOT NULL DEFAULT 1 COMMENT '1=>enable, 2=>disable',
  `deleted_at` datetime DEFAULT NULL,
  `created_at` timestamp NULL DEFAULT NULL,
  `updated_at` timestamp NULL DEFAULT NULL
) ENGINE=InnoDB DEFAULT CHARSET=utf8mb4 COLLATE=utf8mb4_unicode_ci;

--
-- Dumping data for table `extensions`
--

INSERT INTO `extensions` (`id`, `act`, `name`, `description`, `image`, `script`, `shortcode`, `support`, `status`, `deleted_at`, `created_at`, `updated_at`) VALUES
(1, 'tawk-chat', 'Tawk.to', 'Key location is shown bellow', 'tawky_big.png', '<script>\r\n                        var Tawk_API=Tawk_API||{}, Tawk_LoadStart=new Date();\r\n                        (function(){\r\n                        var s1=document.createElement(\"script\"),s0=document.getElementsByTagName(\"script\")[0];\r\n                        s1.async=true;\r\n                        s1.src=\"https://embed.tawk.to/{{app_key}}\";\r\n                        s1.charset=\"UTF-8\";\r\n                        s1.setAttribute(\"crossorigin\",\"*\");\r\n                        s0.parentNode.insertBefore(s1,s0);\r\n                        })();\r\n                    </script>', '{\"app_key\":{\"title\":\"App Key\",\"value\":\"------\"}}', 'twak.png', 0, NULL, '2019-10-18 23:16:05', '2021-05-18 05:37:12'),
(4, 'google-analytics', 'Google Analytics', 'Key location is shown bellow', 'google_analytics.png', '<script async src=\"https://www.googletagmanager.com/gtag/js?id={{app_key}}\"></script>\r\n                <script>\r\n                  window.dataLayer = window.dataLayer || [];\r\n                  function gtag(){dataLayer.push(arguments);}\r\n                  gtag(\"js\", new Date());\r\n                \r\n                  gtag(\"config\", \"{{app_key}}\");\r\n                </script>', '{\"app_key\":{\"title\":\"App Key\",\"value\":\"------\"}}', 'ganalytics.png', 0, NULL, NULL, '2021-05-04 10:19:12');

-- --------------------------------------------------------

--
-- Table structure for table `frontends`
--

CREATE TABLE `frontends` (
  `id` bigint(20) UNSIGNED NOT NULL,
  `data_keys` varchar(40) COLLATE utf8mb4_unicode_ci NOT NULL,
  `data_values` longtext COLLATE utf8mb4_unicode_ci NOT NULL,
  `created_at` timestamp NULL DEFAULT NULL,
  `updated_at` timestamp NULL DEFAULT NULL
) ENGINE=InnoDB DEFAULT CHARSET=utf8mb4 COLLATE=utf8mb4_unicode_ci;

--
-- Dumping data for table `frontends`
--

INSERT INTO `frontends` (`id`, `data_keys`, `data_values`, `created_at`, `updated_at`) VALUES
(1, 'seo.data', '{\"seo_image\":\"1\",\"keywords\":[\"courier\",\"parcel\",\"cargo\",\"shipping\",\"shipment\",\"letter\"],\"description\":\"Neque porro quisquam est qui dolorem ipsum quia dolor sit amet, consectetur, adipisci velit\",\"social_title\":\"CourierLab - Online Courier Service\",\"social_description\":\"Neque porro quisquam est qui dolorem ipsum quia dolor sit amet, consectetur, adipisci velit ff\",\"image\":\"60eaae52f28dc1625992786.jpg\"}', '2020-07-04 23:42:52', '2021-07-12 12:13:39'),
(24, 'about.content', '{\"has_image\":\"1\",\"title\":\"Stork Track\",\"heading\":\"We\'re dedicated to providing you the best of Courier Service\",\"sub_heading\":\"Stork Track is a Professional Courier Platform. We\'re dedicated to providing you the best of Courier, with a focus on dependability and Delivery. We\'re working to turn our passion for Courier into a booming online website. We hope you enjoy our Courier as much as we enjoy offering them to you.\",\"background_image\":\"63566ad4322551666607828.jpg\"}', '2020-10-28 00:51:20', '2022-10-25 23:57:35'),
(25, 'blog.content', '{\"title\":\"Latest News\",\"heading\":\"Our Blog Posts\",\"sub_heading\":\"Non iste sint temporibus, facilis praesentium at eius excepturi veritatis natus maxime veniam eum impedit minus pariatur architecto necessitatibus dolorum? Minima, nihil?\"}', '2020-10-28 00:51:34', '2021-06-30 08:51:48'),
(26, 'blog.element', '{\"has_image\":[\"1\"],\"title\":\"Praesentium at nobis unde quis aut quaerat autem libero in consequuntur recusandae provident\",\"description_nic\":\"<div class=\\\"post__header\\\" style=\\\"margin-bottom:45px;color:rgb(85,85,85);font-family:Nunito, sans-serif;\\\"><p style=\\\"margin-top:-8px;margin-bottom:30px;\\\">Asperiores nisi voluptates enim numquam vel recusandae consequatur libero, laboriosam possimus hic officiis voluptatum reprehenderit placeat voluptatibus aspernatur tempore quisquam tempora eius incidunt dignissimos maxime praesentium veniam. Veniam, sapiente.<\\/p><p style=\\\"margin-top:-8px;margin-bottom:30px;\\\">Vitae optio minima nulla iusto, praesentium, natus exercitationem maiores qui temporibus consequatur, fuga repudiandae. Rem mollitia suscipit blanditiis, at porro recusandae vitae.<\\/p><\\/div><blockquote class=\\\"post__quote\\\" style=\\\"margin-bottom:30px;font-size:22px;line-height:1.5;font-family:Nunito, sans-serif;color:rgb(25,42,86);font-style:italic;text-align:center;padding:0px 30px;border-left:3px solid rgb(30,144,255);\\\">\\u201c Works together with striker consulting firms active in USA. Globally we work with more than 150 leading consulting firms and with a select number of partners. \\u201d<\\/blockquote><p style=\\\"margin-top:-8px;margin-bottom:30px;color:rgb(85,85,85);font-family:Nunito, sans-serif;font-size:16px;\\\">Architecto quis nobis repudiandae porro perferendis quisquam, ut exercitationem quae aliquid eveniet. Recusandae officia alias sapiente ullam quae veniam optio exercitationem incidunt nisi totam reiciendis expedita harum vel debitis ad quam ut rem porro ratione voluptatem quod, laboriosam ducimus magni. Molestias, distinctio!<\\/p><p style=\\\"margin-top:-8px;margin-bottom:30px;color:rgb(85,85,85);font-family:Nunito, sans-serif;font-size:16px;\\\">Explicabo nobis dolorum, voluptates provident quasi harum optio nesciunt est accusantium eos soluta fugit illo vitae error numquam, sit ipsa quas nihil.<\\/p>\",\"blog_image\":\"60dc37d9a41691625044953.jpg\"}', '2020-10-28 00:57:19', '2021-06-30 08:52:33'),
(27, 'contact_us.content', '{\"title\":\"Start Conversation\",\"heading\":\"Get in Touch\",\"sub_heading\":\"We\\u2019re here to help and answer any question you might have. We look forward to hearing from you.\",\"has_image\":\"1\",\"contact_image\":\"63591233417ae1666781747.png\"}', '2020-10-28 00:59:19', '2022-10-26 00:55:47'),
(28, 'counter.content', '{\"has_image\":\"1\",\"background_image\":\"60dc194ef07d61625037134.jpg\"}', '2020-10-28 01:04:02', '2021-06-30 06:42:15'),
(30, 'blog.element', '{\"has_image\":[\"1\"],\"title\":\"Nobis unde quis aut quaerat autem libero in consequuntur recusandae provident Praesentium at\",\"description_nic\":\"<div class=\\\"post__header\\\" style=\\\"margin-bottom:45px;color:rgb(85,85,85);font-family:Nunito, sans-serif;\\\"><p style=\\\"margin-top:-8px;margin-bottom:30px;\\\">Asperiores nisi voluptates enim numquam vel recusandae consequatur libero, laboriosam possimus hic officiis voluptatum reprehenderit placeat voluptatibus aspernatur tempore quisquam tempora eius incidunt dignissimos maxime praesentium veniam. Veniam, sapiente.<\\/p><p style=\\\"margin-top:-8px;margin-bottom:30px;\\\">Vitae optio minima nulla iusto, praesentium, natus exercitationem maiores qui temporibus consequatur, fuga repudiandae. Rem mollitia suscipit blanditiis, at porro recusandae vitae.<\\/p><\\/div><blockquote class=\\\"post__quote\\\" style=\\\"margin-bottom:30px;font-size:22px;line-height:1.5;font-family:Nunito, sans-serif;color:rgb(25,42,86);font-style:italic;text-align:center;padding:0px 30px;border-left:3px solid rgb(30,144,255);\\\">\\u201c Works together with striker consulting firms active in USA. Globally we work with more than 150 leading consulting firms and with a select number of partners. \\u201d<\\/blockquote><p style=\\\"margin-top:-8px;margin-bottom:30px;color:rgb(85,85,85);font-family:Nunito, sans-serif;font-size:16px;\\\">Architecto quis nobis repudiandae porro perferendis quisquam, ut exercitationem quae aliquid eveniet. Recusandae officia alias sapiente ullam quae veniam optio exercitationem incidunt nisi totam reiciendis expedita harum vel debitis ad quam ut rem porro ratione voluptatem quod, laboriosam ducimus magni. Molestias, distinctio!<\\/p><p style=\\\"margin-top:-8px;margin-bottom:30px;color:rgb(85,85,85);font-family:Nunito, sans-serif;font-size:16px;\\\">Explicabo nobis dolorum, voluptates provident quasi harum optio nesciunt est accusantium eos soluta fugit illo vitae error numquam, sit ipsa quas nihil.<\\/p>\",\"blog_image\":\"60dc3808aaf1f1625045000.jpg\"}', '2020-10-31 00:39:05', '2021-06-30 08:53:20'),
(33, 'feature.content', '{\"heading\":\"asdf\",\"sub_heading\":\"asdf\"}', '2021-01-03 23:40:54', '2021-01-03 23:40:55'),
(36, 'service.content', '{\"title\":\"Services\",\"heading\":\"What We Serve\",\"sub_heading\":\"Non iste sint temporibus, facilis praesentium at eius excepturi veritatis natus maxime veniam eum impedit minus pariatur architecto necessitatibus dolorum? Minima, nihil?\",\"has_image\":\"1\",\"background_image\":\"635904c0872cd1666778304.jpg\"}', '2021-03-06 01:27:34', '2022-10-25 23:58:26'),
(39, 'banner.content', '{\"heading\":\"Latest News\",\"sub_heading\":\"Lorem ipsum dolor sit, amet consectetur adipisicing elit. Esse voluptatum eaque earum quos quia? Id aspernatur ratione, voluptas nulla rerum laudantium neque ipsam eaque\"}', '2021-05-02 06:09:30', '2021-05-02 06:09:30'),
(41, 'cookie.data', '{\"link\":\"#\",\"description\":\"We may use cookies or any other tracking technologies when you visit our website<br>\",\"status\":0}', '2020-07-04 23:42:52', '2022-10-22 01:38:05'),
(42, 'banner.element', '{\"heading\":\"Welcome to Stork Track\",\"sub_heading\":\"We Provide Best Dispatch and Parcel Services\",\"first_button_name\":\"Services\",\"first_button_url\":\"#\",\"second_button_name\":\"Contact Us\",\"second_button_url\":\"#\",\"has_image\":[\"1\"],\"background_image\":\"63591e44e77201666784836.png\"}', '2021-06-30 05:03:30', '2022-10-26 01:47:19'),
(43, 'banner.element', '{\"heading\":\"Welcome to Courierlab\",\"sub_heading\":\"We Provide Best Dispatch and Parcel Services\",\"first_button_name\":\"Get Quotes\",\"first_button_url\":\"#\",\"second_button_name\":\"Contact Us\",\"second_button_url\":\"#\",\"has_image\":[\"1\"],\"background_image\":\"63591d8da34eb1666784653.png\"}', '2021-06-30 05:04:17', '2022-10-26 01:44:15'),
(44, 'banner.element', '{\"heading\":\"Welcome to Courierlab\",\"sub_heading\":\"We Provide Best Dispatch and Parcel Services\",\"first_button_name\":\"Get Quotes\",\"first_button_url\":\"#\",\"second_button_name\":\"Contact Us\",\"second_button_url\":\"#\",\"has_image\":[\"1\"],\"background_image\":\"6359216cd564c1666785644.png\"}', '2021-06-30 05:04:54', '2022-10-26 02:00:46'),
(45, 'about.element', '{\"title\":\"Secured Services\",\"sub_title\":\"We offer a wide range of other courier services, such as same-day freight delivery, medical courier services, and rush package delivery. We trained our couriers to specialize in particular deliveries to meet the qualifications and standards of these industries because we are aware that businesses have a variety of delivery requirements.\\r\\nStork Track Couriers can provide you with any kind of urgent or same-day delivery that you require. Our trained delivery drivers and award-winning customer service make it simple to get your package to its destination and give you peace of mind that it will always arrive on time.\",\"about_icon\":\"<i class=\\\"lab la-delicious\\\"><\\/i>\"}', '2021-06-30 05:19:18', '2022-10-25 23:56:07'),
(47, 'about.element', '{\"title\":\"National Utility\",\"sub_title\":\"National rush deliveries are our specialty as a courier service. As a result, if you need a package delivered anywhere in the nation, we will do our best to do so as soon as possible. Stork Track Couriers ensures the safety of all of your important and fragile deliveries thanks to our GPS-equipped delivery drivers and bonding. Because we pick up your item at point A and drive it straight to point B, you don\'t have to worry about it breaking during shipping.\",\"about_icon\":\"<i class=\\\"lab la-servicestack\\\"><\\/i>\"}', '2021-06-30 05:20:25', '2022-10-25 23:56:42'),
(48, 'feature.element', '{\"heading\":\"10-35%\",\"sub_heading\":\"On-time delivery performance\",\"feature_icon\":\"<i style=\\\"font-size:24px;\\\" class=\\\"fa\\\">\\uf017<\\/i>\"}', '2021-06-30 05:32:59', '2022-10-26 03:17:54'),
(49, 'feature.element', '{\"heading\":\"10-35%\",\"sub_heading\":\"Cost savings when switching to Stork Track\",\"feature_icon\":\"<i style=\\\"font-size:24px;\\\" class=\\\"fa\\\">\\uf0d6<\\/i>\"}', '2021-06-30 05:34:04', '2022-10-26 03:18:54'),
(50, 'feature.element', '{\"heading\":\"1.9 Days\",\"sub_heading\":\"Faster transit time than national carriers\",\"feature_icon\":\"<i style=\\\"font-size:24px;\\\" class=\\\"fa\\\">\\uf072<\\/i>\"}', '2021-06-30 05:34:31', '2022-10-26 03:16:13'),
(51, 'service.element', '{\"has_image\":[\"1\"],\"title\":\"Standard Courier\",\"description\":\"We have the best Standard Service if you\'re not in Rush. We can deliver to your giver address within 72 to 96 hours. The package weight is prioritized over its size.\",\"image\":\"635905b79763c1666778551.png\"}', '2021-06-30 05:43:37', '2022-10-26 00:02:31'),
(52, 'service.element', '{\"has_image\":[\"1\"],\"title\":\"Express Courier\",\"description\":\"Using the Express Service, shipments can reach anywhere in the country in 24 to 48 hours.\",\"image\":\"63590584114e61666778500.png\"}', '2021-06-30 05:43:59', '2022-10-26 00:01:53'),
(53, 'service.element', '{\"has_image\":[\"1\"],\"title\":\"Pallet Courier\",\"description\":\"We are able to offer pallet shipments that are safe and protected.\\r\\nThrough our network, your pallets will be delivered promptly and in excellent condition.Utilizing the top pallet network is now necessary.\",\"image\":\"6359054a429121666778442.png\"}', '2021-06-30 05:44:20', '2022-10-26 00:00:42'),
(54, 'service.element', '{\"has_image\":[\"1\"],\"title\":\"Over Night Courier\",\"description\":\"The delivery of packages shouldn\'t be limited to the day.Our same-courier service can assist you if you require immediate delivery outside of business hours courier service can assist you if you require immediate delivery outside of business hours.\",\"image\":\"6359052586c871666778405.png\"}', '2021-06-30 05:44:44', '2022-10-26 00:00:05'),
(55, 'service.element', '{\"has_image\":[\"1\"],\"title\":\"International Courier\",\"description\":\"Through the management and operation of individualized storage space, Storktrack provides fit-for-purpose and client-specific warehouse storage solutions.Our world-class facilities are run by skilled workers who are supported by cutting-edge technology systems. Additionally, we deploy secure, specialized material handling equipment.\",\"image\":\"635904fc170cb1666778364.png\"}', '2021-06-30 05:45:06', '2022-10-25 23:59:24'),
(56, 'service.element', '{\"has_image\":[\"1\"],\"title\":\"Warehousing\",\"description\":\"Through the management and operation of individualized storage space, Storktrack provides fit-for-purpose and client-specific warehouse storage solutions.Our world-class facilities are run by skilled workers who are supported by cutting-edge technology systems. Additionally, we deploy secure, specialized material handling equipment.\",\"image\":\"6359055d90a591666778461.png\"}', '2021-06-30 05:45:23', '2022-10-26 00:01:01'),
(59, 'team.content', '{\"title\":\"Expert Team\",\"heading\":\"Our Expert Team\",\"sub_heading\":\"Non iste sint temporibus, facilis praesentium at eius excepturi veritatis natus maxime veniam eum impedit minus pariatur architecto necessitatibus dolorum? Minima, nihil?\"}', '2021-06-30 06:26:33', '2021-06-30 06:26:33'),
(60, 'team.element', '{\"has_image\":[\"1\"],\"name\":\"Liana Harris\",\"designation\":\"Sales Expert\",\"total_delivery\":\"2323\",\"member\":\"60dc15dfd99061625036255.png\"}', '2021-06-30 06:27:35', '2021-07-12 12:21:18'),
(61, 'team.element', '{\"has_image\":[\"1\"],\"name\":\"Dew Brisk\",\"designation\":\"Delivery Boy\",\"total_delivery\":\"323\",\"member\":\"60dc15fde1d321625036285.png\"}', '2021-06-30 06:28:05', '2021-07-12 12:21:32'),
(62, 'team.element', '{\"has_image\":[\"1\"],\"name\":\"Harry Hardson\",\"designation\":\"Delivery Boy\",\"total_delivery\":\"656\",\"member\":\"60dc1609e44f11625036297.png\"}', '2021-06-30 06:28:17', '2021-07-12 12:21:50'),
(63, 'team.element', '{\"has_image\":[\"1\"],\"name\":\"John Dew\",\"designation\":\"Delivery Boy\",\"total_delivery\":\"6543\",\"member\":\"60dc161d73df71625036317.png\"}', '2021-06-30 06:28:37', '2021-07-12 12:20:53'),
(64, 'counter.element', '{\"title\":\"Satisfied Client\",\"counter_digit\":\"323\",\"counter_icon\":\"<i class=\\\"las la-users\\\"><\\/i>\"}', '2021-06-30 06:37:28', '2021-07-06 13:56:41'),
(65, 'counter.element', '{\"title\":\"Total Branches\",\"counter_digit\":\"43\",\"counter_icon\":\"<i class=\\\"las la-store-alt\\\"><\\/i>\"}', '2021-06-30 06:37:50', '2021-07-12 12:29:00'),
(66, 'counter.element', '{\"title\":\"Total Staffs\",\"counter_digit\":\"434\",\"counter_icon\":\"<i class=\\\"las la-user-friends\\\"><\\/i>\"}', '2021-06-30 06:38:15', '2021-07-12 12:29:15'),
(67, 'counter.element', '{\"title\":\"Total Member\",\"counter_digit\":\"34534\",\"counter_icon\":\"<i class=\\\"las la-people-carry\\\"><\\/i>\"}', '2021-06-30 06:38:58', '2021-07-12 12:29:41'),
(68, 'faq.content', '{\"title\":\"What we offer\",\"heading\":\"Explore Our Services and Solutions\",\"sub_heading\":\"Discover how to write FAQ pages that are useful and help your customers get the answers they need quickly.\",\"has_image\":\"1\",\"faq_image\":\"635902a5a65441666777765.jpg\"}', '2021-06-30 08:15:03', '2022-10-25 23:49:35'),
(69, 'faq.element', '{\"question\":\"What is the heaviest item that can be delivered the same day?\",\"answer\":\"The maximum weight that can be transported using our box trucks is 10,000 pounds.Anything beyond that will require a semi truck, which can be scheduled; contact us for additional information.\"}', '2021-06-30 08:15:56', '2022-10-25 23:44:55'),
(70, 'faq.element', '{\"question\":\"Do you offer same day delivery?\",\"answer\":\"Our same day and rush delivery services are used daily throughout the United States. If you need to deliver as soon as possible or by the end of the day give us a call for your quote and we will get it delivered safely and on time.\"}', '2021-06-30 08:16:17', '2022-10-25 23:45:40'),
(71, 'faq.element', '{\"question\":\"How quickly can you deliver my package?\",\"answer\":\"Our rush courier and delivery services can vary in terms of delivery time. It also depend of the courier Service that you have selected. Our standard delivery time is between 3 to 5 days across any country\"}', '2021-06-30 08:16:38', '2022-10-25 23:46:06'),
(72, 'faq.element', '{\"question\":\"What does it cost for a courier?\",\"answer\":\"Prices for our courier and delivery services will vary depending on the item\'s size and weight, the kind of vehicle you need, the speed at which you need the item delivered, and the distance between your pick-up location and the delivery location.For a precise quote, get in touch with us or fill out our online request form.\"}', '2021-06-30 08:17:10', '2022-10-25 23:46:39'),
(73, 'client.content', '{\"has_image\":\"1\",\"background_image\":\"60dc32431a1511625043523.jpg\"}', '2021-06-30 08:28:43', '2021-06-30 08:28:43'),
(74, 'client.element', '{\"name\":\"Abu Desnan\",\"designation\":\"Backend Developer\",\"rating\":\"5\",\"testimonial\":\"Quas, illo. A commodi officia, eos, laborum expedita aliquid culpa ipsa neque dignissimos tempore id sed iste odit optio natus deleniti assumenda qui labore totam nam? Impedit, doloribus odit. Quo?\",\"has_image\":\"1\",\"client_image\":\"60dc33a2132eb1625043874.jpg\"}', '2021-06-30 08:29:59', '2021-06-30 08:34:34'),
(75, 'client.element', '{\"name\":\"Md Jisan\",\"designation\":\"Delivery Boy\",\"rating\":\"4\",\"testimonial\":\"Quas, illo. A commodi officia, eos, laborum expedita aliquid culpa ipsa neque dignissimos tempore id sed iste odit optio natus deleniti assumenda qui labore totam nam? Impedit, doloribus odit. Quo?\",\"has_image\":\"1\",\"client_image\":\"60dc33a8b65141625043880.jpg\"}', '2021-06-30 08:30:55', '2021-06-30 08:34:40'),
(76, 'client.element', '{\"name\":\"Md Demo Sarker\",\"designation\":\"Courier Customer\",\"rating\":\"3\",\"testimonial\":\"Quas, illo. A commodi officia, eos, laborum expedita aliquid culpa ipsa neque dignissimos tempore id sed iste odit optio natus deleniti assumenda qui labore totam nam? Impedit, doloribus odit. Quo?\",\"has_image\":\"1\",\"client_image\":\"60dc33aeb2ced1625043886.jpg\"}', '2021-06-30 08:31:22', '2021-07-12 15:22:42'),
(77, 'blog.element', '{\"has_image\":[\"1\"],\"title\":\"Recusandae provident praesentium at nobis unde quis aut quaerat autem libero in consequuntur\",\"description_nic\":\"<div class=\\\"post__header\\\" style=\\\"margin-bottom:45px;color:rgb(85,85,85);font-family:Nunito, sans-serif;\\\"><p style=\\\"margin-top:-8px;margin-bottom:30px;\\\">Asperiores nisi voluptates enim numquam vel recusandae consequatur libero, laboriosam possimus hic officiis voluptatum reprehenderit placeat voluptatibus aspernatur tempore quisquam tempora eius incidunt dignissimos maxime praesentium veniam. Veniam, sapiente.<\\/p><p style=\\\"margin-top:-8px;margin-bottom:30px;\\\">Vitae optio minima nulla iusto, praesentium, natus exercitationem maiores qui temporibus consequatur, fuga repudiandae. Rem mollitia suscipit blanditiis, at porro recusandae vitae.<\\/p><\\/div><blockquote class=\\\"post__quote\\\" style=\\\"margin-bottom:30px;font-size:22px;line-height:1.5;font-family:Nunito, sans-serif;color:rgb(25,42,86);font-style:italic;text-align:center;padding:0px 30px;border-left:3px solid rgb(30,144,255);\\\">\\u201c Works together with striker consulting firms active in USA. Globally we work with more than 150 leading consulting firms and with a select number of partners. \\u201d<\\/blockquote><p style=\\\"margin-top:-8px;margin-bottom:30px;color:rgb(85,85,85);font-family:Nunito, sans-serif;font-size:16px;\\\">Architecto quis nobis repudiandae porro perferendis quisquam, ut exercitationem quae aliquid eveniet. Recusandae officia alias sapiente ullam quae veniam optio exercitationem incidunt nisi totam reiciendis expedita harum vel debitis ad quam ut rem porro ratione voluptatem quod, laboriosam ducimus magni. Molestias, distinctio!<\\/p><p style=\\\"margin-top:-8px;margin-bottom:30px;color:rgb(85,85,85);font-family:Nunito, sans-serif;font-size:16px;\\\">Explicabo nobis dolorum, voluptates provident quasi harum optio nesciunt est accusantium eos soluta fugit illo vitae error numquam, sit ipsa quas nihil.<\\/p>\",\"blog_image\":\"60dc38433c7ea1625045059.jpg\"}', '2021-06-30 08:54:19', '2021-06-30 08:54:19'),
(78, 'blog.element', '{\"has_image\":[\"1\"],\"title\":\"Unde quis aut quaerat autem libero in consequuntur recusandae provident raesentium at nobis\",\"description_nic\":\"<div class=\\\"post__header\\\" style=\\\"margin-bottom:45px;color:rgb(85,85,85);font-family:Nunito, sans-serif;\\\"><p style=\\\"margin-top:-8px;margin-bottom:30px;\\\">Asperiores nisi voluptates enim numquam vel recusandae consequatur libero, laboriosam possimus hic officiis voluptatum reprehenderit placeat voluptatibus aspernatur tempore quisquam tempora eius incidunt dignissimos maxime praesentium veniam. Veniam, sapiente.<\\/p><p style=\\\"margin-top:-8px;margin-bottom:30px;\\\">Vitae optio minima nulla iusto, praesentium, natus exercitationem maiores qui temporibus consequatur, fuga repudiandae. Rem mollitia suscipit blanditiis, at porro recusandae vitae.<\\/p><\\/div><blockquote class=\\\"post__quote\\\" style=\\\"margin-bottom:30px;font-size:22px;line-height:1.5;font-family:Nunito, sans-serif;color:rgb(25,42,86);font-style:italic;text-align:center;padding:0px 30px;border-left:3px solid rgb(30,144,255);\\\">\\u201c Works together with striker consulting firms active in USA. Globally we work with more than 150 leading consulting firms and with a select number of partners. \\u201d<\\/blockquote><p style=\\\"margin-top:-8px;margin-bottom:30px;color:rgb(85,85,85);font-family:Nunito, sans-serif;font-size:16px;\\\">Architecto quis nobis repudiandae porro perferendis quisquam, ut exercitationem quae aliquid eveniet. Recusandae officia alias sapiente ullam quae veniam optio exercitationem incidunt nisi totam reiciendis expedita harum vel debitis ad quam ut rem porro ratione voluptatem quod, laboriosam ducimus magni. Molestias, distinctio!<\\/p><p style=\\\"margin-top:-8px;margin-bottom:30px;color:rgb(85,85,85);font-family:Nunito, sans-serif;font-size:16px;\\\">Explicabo nobis dolorum, voluptates provident quasi harum optio nesciunt est accusantium eos soluta fugit illo vitae error numquam, sit ipsa quas nihil.<\\/p>\",\"blog_image\":\"60dc3870e3f3e1625045104.jpg\"}', '2021-06-30 08:55:04', '2021-06-30 08:55:04'),
(79, 'branch.content', '{\"title\":\"Branches\",\"heading\":\"Our Top Branches\",\"sub_heading\":\"Trees raised their naked, mottled branches to the sky like mourners stilled in attitudes of grief\",\"has_image\":\"1\",\"background_image\":\"63590d22ae2e31666780450.jpg\"}', '2021-06-30 09:10:00', '2022-10-26 00:34:20'),
(80, 'partner.element', '{\"has_image\":\"1\",\"partner_image\":\"60ebfc21afc541626078241.png\"}', '2021-06-30 09:15:31', '2021-07-12 12:24:01'),
(81, 'partner.element', '{\"has_image\":\"1\",\"partner_image\":\"60ebfc2a7933f1626078250.png\"}', '2021-06-30 09:15:37', '2021-07-12 12:24:10'),
(82, 'partner.element', '{\"has_image\":\"1\",\"partner_image\":\"60ebfc349012f1626078260.png\"}', '2021-06-30 09:15:41', '2021-07-12 12:24:20'),
(83, 'partner.element', '{\"has_image\":\"1\",\"partner_image\":\"60ebfc3e20a081626078270.png\"}', '2021-06-30 09:15:48', '2021-07-12 12:24:30'),
(84, 'partner.element', '{\"has_image\":\"1\",\"partner_image\":\"60ebfc46c2e221626078278.png\"}', '2021-06-30 09:15:53', '2021-07-12 12:24:38'),
(85, 'partner.element', '{\"has_image\":\"1\",\"partner_image\":\"60ebfc5a1e6fb1626078298.png\"}', '2021-06-30 09:15:57', '2021-07-12 12:24:58'),
(86, 'partner.element', '{\"has_image\":\"1\",\"partner_image\":\"60ebfc6b90c3d1626078315.png\"}', '2021-06-30 09:16:03', '2021-07-12 12:25:15'),
(87, 'breadcrumb.content', '{\"has_image\":\"1\",\"background_image\":\"6359115aa44301666781530.jpg\"}', '2021-06-30 09:34:46', '2022-10-26 00:52:12'),
(88, 'social_icon.element', '{\"social_icon\":\"<i class=\\\"lab la-facebook-f\\\"><\\/i>\",\"url\":\"https:\\/\\/www.facebook.com\\/\"}', '2021-06-30 09:48:27', '2021-06-30 09:48:27'),
(89, 'social_icon.element', '{\"social_icon\":\"<i class=\\\"fab fa-twitter\\\"><\\/i>\",\"url\":\"https:\\/\\/www.twitter.com\\/\"}', '2021-06-30 09:48:38', '2021-06-30 09:48:38'),
(90, 'social_icon.element', '{\"social_icon\":\"<i class=\\\"lab la-linkedin-in\\\"><\\/i>\",\"url\":\"https:\\/\\/www.linkedin.com\\/\"}', '2021-06-30 09:49:11', '2021-06-30 09:49:11'),
(91, 'social_icon.element', '{\"social_icon\":\"<i class=\\\"lab la-instagram\\\"><\\/i>\",\"url\":\"https:\\/\\/www.instagram.com\\/\"}', '2021-06-30 09:49:27', '2021-06-30 09:49:27'),
(92, 'footer.content', '{\"heading\":\"Rem accusamus ducimus reiciendis corporis deserunt ipsum\",\"address\":\"1205 Tipu Sultan Road Motijhil\",\"mobile\":\"123456789\",\"fax\":\"5235123456789\",\"email\":\"demo@gmail.com\",\"has_image\":\"1\",\"background_image\":\"635912f829e4a1666781944.jpg\"}', '2021-06-30 10:04:05', '2022-10-26 00:59:06'),
(93, 'order_tracking.content', '{\"title\":\"Tracking Order\",\"heading\":\"Your Parcel Status\"}', '2021-07-06 08:21:39', '2021-07-06 08:21:39');
INSERT INTO `frontends` (`id`, `data_keys`, `data_values`, `created_at`, `updated_at`) VALUES
(94, 'footer.element', '{\"menu\":\"Privacy and Policy\",\"description\":\"<div class=\\\"mb-5\\\" style=\\\"color:rgb(111,111,111);font-family:Nunito, sans-serif;margin-bottom:3rem;\\\"><h3 class=\\\"mb-3\\\" style=\\\"font-weight:600;line-height:1.3;font-size:24px;font-family:Exo, sans-serif;color:rgb(54,54,54);\\\"><\\/h3><p class=\\\"MsoNormal\\\" style=\\\"margin:15pt 0in 7.5pt;line-height:normal;background-size:initial;\\\"><b><span style=\\\"font-size:24pt;font-family:Arial, \'sans-serif\';color:#0070C0;text-transform:uppercase;\\\">STORK TRACK PRIVACY\\r\\nPOLICY<\\/span><\\/b><\\/p><p><b><\\/b><\\/p><b><\\/b><p class=\\\"MsoNormal\\\" style=\\\"margin-bottom:7.5pt;line-height:normal;background-size:initial;\\\"><span style=\\\"font-size:10.5pt;font-family:Arial, \'sans-serif\';color:#6F7174;\\\">Last Updated on10\\/01\\/2022.\\r\\nThis privacy policy is effective immediately.<\\/span><\\/p><p><\\/p><p class=\\\"MsoNormal\\\" style=\\\"margin:15pt 0in 7.5pt;line-height:normal;background-size:initial;\\\"><b><span style=\\\"font-size:18pt;font-family:Arial, \'sans-serif\';color:#0070C0;text-transform:uppercase;\\\">INTRODUCTION<\\/span><\\/b><\\/p><p><b><\\/b><\\/p><b><\\/b><p class=\\\"MsoNormal\\\" style=\\\"margin-bottom:7.5pt;line-height:normal;background-size:initial;\\\"><span style=\\\"font-size:10.5pt;font-family:Arial, \'sans-serif\';color:#6F7174;\\\">At Stork Track (the\\r\\n\\u201cCompany\\u201d or\\u00a0\\u201cWe\\u201d), we respect your privacy and are committed to\\r\\nprotecting it through our compliance with this policy.<\\/span><\\/p><p><\\/p><p class=\\\"MsoNormal\\\" style=\\\"margin-bottom:7.5pt;line-height:normal;background-size:initial;\\\"><span style=\\\"font-size:10.5pt;font-family:Arial, \'sans-serif\';color:#6F7174;\\\">This policy describes\\r\\nthe types of information we may collect from you or that you may provide when\\r\\nyou visit this website (our \\u201cWebsite\\u201d) and our practices for collecting, using,\\r\\nmaintaining, protecting and disclosing that information.<\\/span><\\/p><p><\\/p><p class=\\\"MsoNormal\\\" style=\\\"margin-bottom:7.5pt;line-height:normal;background-size:initial;\\\"><span style=\\\"font-size:10.5pt;font-family:Arial, \'sans-serif\';color:#6F7174;\\\">This policy applies to\\r\\ninformation we collect:<\\/span><\\/p><p><\\/p><ul type=\\\"disc\\\">\\r\\n <li class=\\\"MsoNormal\\\" style=\\\"color:rgb(111,113,116);line-height:normal;background-size:initial;\\\"><span style=\\\"font-size:10.5pt;font-family:Arial, \'sans-serif\';\\\">On this Website.<\\/span><p><\\/p><\\/li>\\r\\n <li class=\\\"MsoNormal\\\" style=\\\"color:rgb(111,113,116);line-height:normal;background-size:initial;\\\"><span style=\\\"font-size:10.5pt;font-family:Arial, \'sans-serif\';\\\">In e-mail, text and other\\r\\n     electronic messages between you and this Website.<\\/span><p><\\/p><\\/li>\\r\\n <li class=\\\"MsoNormal\\\" style=\\\"color:rgb(111,113,116);line-height:normal;background-size:initial;\\\"><span style=\\\"font-size:10.5pt;font-family:Arial, \'sans-serif\';\\\">Through mobile and desktop\\r\\n     applications you download from this Website, which provide dedicated\\r\\n     non-browser-based interaction between you and this Website.<\\/span><p><\\/p><\\/li>\\r\\n <li class=\\\"MsoNormal\\\" style=\\\"color:rgb(111,113,116);line-height:normal;background-size:initial;\\\"><span style=\\\"font-size:10.5pt;font-family:Arial, \'sans-serif\';\\\">When you interact with our\\r\\n     advertising and applications on third-party websites and services, if\\r\\n     those applications or advertising include links to this policy.<\\/span><p><\\/p><\\/li><li class=\\\"MsoNormal\\\" style=\\\"color:rgb(111,113,116);line-height:normal;background-size:initial;\\\"><span style=\\\"font-size:10.5pt;font-family:Arial, \'sans-serif\';\\\"><br \\/><\\/span><\\/li>\\r\\n<\\/ul><p class=\\\"MsoNormal\\\" style=\\\"margin-bottom:7.5pt;line-height:normal;background-size:initial;\\\"><span style=\\\"font-size:10.5pt;font-family:Arial, \'sans-serif\';color:#6F7174;\\\">It does not apply to\\r\\ninformation collected by:<\\/span><\\/p><p><\\/p><ul type=\\\"disc\\\">\\r\\n <li class=\\\"MsoNormal\\\" style=\\\"color:rgb(111,113,116);line-height:normal;background-size:initial;\\\"><span style=\\\"font-size:10.5pt;font-family:Arial, \'sans-serif\';\\\">us offline or through any other\\r\\n     means, including on any other website operated by Company or any third\\r\\n     party (including our affiliates and subsidiaries); or<\\/span><p><\\/p><\\/li>\\r\\n <li class=\\\"MsoNormal\\\" style=\\\"color:rgb(111,113,116);line-height:normal;background-size:initial;\\\"><span style=\\\"font-size:10.5pt;font-family:Arial, \'sans-serif\';\\\">any third party (including our\\r\\n     affiliates and subsidiaries), including through any application or content\\r\\n     (including advertising) that may link to or be accessible from or on the\\r\\n     Website.<\\/span><p><\\/p><\\/li>\\r\\n<\\/ul><p class=\\\"MsoNormal\\\" style=\\\"margin-bottom:7.5pt;line-height:normal;background-size:initial;\\\"><span style=\\\"font-size:10.5pt;font-family:Arial, \'sans-serif\';color:#6F7174;\\\"><br \\/><\\/span><\\/p><p class=\\\"MsoNormal\\\" style=\\\"margin-bottom:7.5pt;line-height:normal;background-size:initial;\\\"><span style=\\\"font-size:10.5pt;font-family:Arial, \'sans-serif\';color:#6F7174;\\\">Please read this\\r\\npolicy carefully to understand our policies and practices regarding your\\r\\ninformation and how we will treat it. If you do not agree with our policies and\\r\\npractices, your choice is not to use our Website. By accessing or using this\\r\\nWebsite, you agree to this privacy policy. This policy may change from time to\\r\\ntime. Your continued use of this Website after we make changes is deemed to be\\r\\nacceptance of those changes, so please check the policy periodically for\\r\\nupdates.<\\/span><\\/p><p><\\/p><p class=\\\"MsoNormal\\\" style=\\\"margin:15pt 0in 7.5pt;line-height:normal;background-size:initial;\\\"><b><span style=\\\"font-size:18pt;font-family:Arial, \'sans-serif\';color:#0070C0;text-transform:uppercase;\\\">CHILDREN UNDER THE\\r\\nAGE OF 13<\\/span><\\/b><\\/p><p><b><\\/b><\\/p><b><\\/b><p class=\\\"MsoNormal\\\" style=\\\"margin-bottom:7.5pt;line-height:normal;background-size:initial;\\\"><span style=\\\"font-size:10.5pt;font-family:Arial, \'sans-serif\';color:#6F7174;\\\">Our Website is not\\r\\nintended for children under 13 years of age. No one under age 13 may provide\\r\\nany personal information to or on the Website. We do not knowingly collect\\r\\npersonal information from children under 13. If you are under 13, do not use or\\r\\nprovide any information on this Website or on or through any of its\\r\\nfeatures\\/register on the Website, make any purchases through the Website, use\\r\\nany of the interactive or public comment features of this Website or provide\\r\\nany information about yourself to us, including your name, address, telephone\\r\\nnumber, e-mail address or any screen name or user name you may use. If we learn\\r\\nwe have collected or received personal information from a child under 13\\r\\nwithout verification of parental consent, we will delete that information. If\\r\\nyou believe we might have any information from or about a child under 13,\\r\\nplease contact us via our contact us link.<\\/span><\\/p><p><\\/p><p class=\\\"MsoNormal\\\" style=\\\"margin:15pt 0in 7.5pt;line-height:normal;background-size:initial;\\\"><b><span style=\\\"font-size:18pt;font-family:Arial, \'sans-serif\';color:#0070C0;text-transform:uppercase;\\\">INFORMATION WE\\r\\nCOLLECT ABOUT YOU AND HOW WE COLLECT IT<\\/span><\\/b><\\/p><p><b><\\/b><\\/p><b><\\/b><p class=\\\"MsoNormal\\\" style=\\\"margin-bottom:7.5pt;line-height:normal;background-size:initial;\\\"><span style=\\\"font-size:10.5pt;font-family:Arial, \'sans-serif\';color:#6F7174;\\\">We collect several\\r\\ntypes of information from and about users of our Website, including\\r\\ninformation:<\\/span><\\/p><p><\\/p><ul type=\\\"disc\\\">\\r\\n <li class=\\\"MsoNormal\\\" style=\\\"color:rgb(111,113,116);line-height:normal;background-size:initial;\\\"><span style=\\\"font-size:10.5pt;font-family:Arial, \'sans-serif\';\\\">by which you may be personally\\r\\n     identified, such as name, postal address, e-mail address, telephone number\\r\\n     or ANY OTHER INFORMATION THE WEBSITE COLLECTS THAT IS DEFINED AS PERSONAL\\r\\n     OR PERSONALLY IDENTIFIABLE INFORMATION UNDER AN APPLICABLE LAW (\\u201cpersonal\\r\\n     information\\u201d);<\\/span><p><\\/p><\\/li>\\r\\n <li class=\\\"MsoNormal\\\" style=\\\"color:rgb(111,113,116);line-height:normal;background-size:initial;\\\"><span style=\\\"font-size:10.5pt;font-family:Arial, \'sans-serif\';\\\">that is about you but\\r\\n     individually does not identify you, and\\/or<\\/span><p><\\/p><\\/li>\\r\\n <li class=\\\"MsoNormal\\\" style=\\\"color:rgb(111,113,116);line-height:normal;background-size:initial;\\\"><span style=\\\"font-size:10.5pt;font-family:Arial, \'sans-serif\';\\\">about your internet connection,\\r\\n     the equipment you use to access our Website and usage details.<\\/span><p><\\/p><\\/li>\\r\\n<\\/ul><p class=\\\"MsoNormal\\\" style=\\\"margin-bottom:7.5pt;line-height:normal;background-size:initial;\\\"><span style=\\\"font-size:10.5pt;font-family:Arial, \'sans-serif\';color:#6F7174;\\\"><br \\/><\\/span><\\/p><p class=\\\"MsoNormal\\\" style=\\\"margin-bottom:7.5pt;line-height:normal;background-size:initial;\\\"><span style=\\\"font-size:10.5pt;font-family:Arial, \'sans-serif\';color:#6F7174;\\\">We collect this\\r\\ninformation:<\\/span><\\/p><p><\\/p><ul type=\\\"disc\\\">\\r\\n <li class=\\\"MsoNormal\\\" style=\\\"color:rgb(111,113,116);line-height:normal;background-size:initial;\\\"><span style=\\\"font-size:10.5pt;font-family:Arial, \'sans-serif\';\\\">Directly from you when you\\r\\n     provide it to us.<\\/span><p><\\/p><\\/li>\\r\\n <li class=\\\"MsoNormal\\\" style=\\\"color:rgb(111,113,116);line-height:normal;background-size:initial;\\\"><span style=\\\"font-size:10.5pt;font-family:Arial, \'sans-serif\';\\\">Automatically as you navigate\\r\\n     through the site. Information collected automatically may include usage\\r\\n     details, IP addresses and information collected through cookies, web\\r\\n     beacons and other tracking technologies.<\\/span><p><\\/p><\\/li>\\r\\n <li class=\\\"MsoNormal\\\" style=\\\"color:rgb(111,113,116);line-height:normal;background-size:initial;\\\"><span style=\\\"font-size:10.5pt;font-family:Arial, \'sans-serif\';\\\">From third parties, for\\r\\n     example, our business partners.<\\/span><p><\\/p><\\/li>\\r\\n<\\/ul><p class=\\\"MsoNormal\\\" style=\\\"margin:15pt 0in 7.5pt;line-height:normal;background-size:initial;\\\"><b><span style=\\\"font-size:18pt;font-family:Arial, \'sans-serif\';color:#0070C0;text-transform:uppercase;\\\">INFORMATION YOU\\r\\nPROVIDE TO US.<\\/span><\\/b><\\/p><p><b><\\/b><\\/p><b><\\/b><p class=\\\"MsoNormal\\\" style=\\\"margin-bottom:7.5pt;line-height:normal;background-size:initial;\\\"><span style=\\\"font-size:10.5pt;font-family:Arial, \'sans-serif\';color:#6F7174;\\\">The information we\\r\\ncollect on or through our Website may include:<\\/span><\\/p><p><\\/p><ul type=\\\"disc\\\">\\r\\n <li class=\\\"MsoNormal\\\" style=\\\"color:rgb(111,113,116);line-height:normal;background-size:initial;\\\"><span style=\\\"font-size:10.5pt;font-family:Arial, \'sans-serif\';\\\">Information that you provide by\\r\\n     filling in forms on our Website. This includes information provided at the\\r\\n     time of registering to use our Website, subscribing to our service,\\r\\n     posting material or requesting further services. We may also ask you for\\r\\n     information when you report a problem with our Website.<\\/span><p><\\/p><\\/li>\\r\\n <li class=\\\"MsoNormal\\\" style=\\\"color:rgb(111,113,116);line-height:normal;background-size:initial;\\\"><span style=\\\"font-size:10.5pt;font-family:Arial, \'sans-serif\';\\\">Records and copies of your\\r\\n     correspondence (including e-mail addresses), if you contact us.<\\/span><p><\\/p><\\/li>\\r\\n <li class=\\\"MsoNormal\\\" style=\\\"color:rgb(111,113,116);line-height:normal;background-size:initial;\\\"><span style=\\\"font-size:10.5pt;font-family:Arial, \'sans-serif\';\\\">Your responses to surveys that\\r\\n     we might ask you to complete for research purposes.<\\/span><p><\\/p><\\/li>\\r\\n <li class=\\\"MsoNormal\\\" style=\\\"color:rgb(111,113,116);line-height:normal;background-size:initial;\\\"><span style=\\\"font-size:10.5pt;font-family:Arial, \'sans-serif\';\\\">Details of transactions you\\r\\n     carry out through our Website and of the fulfillment of your orders. You\\r\\n     may be required to provide financial information before placing an order\\r\\n     through our Website.<\\/span><p><\\/p><\\/li>\\r\\n <li class=\\\"MsoNormal\\\" style=\\\"color:rgb(111,113,116);line-height:normal;background-size:initial;\\\"><span style=\\\"font-size:10.5pt;font-family:Arial, \'sans-serif\';\\\">Your search queries on the\\r\\n     Website.<\\/span><p><\\/p><\\/li>\\r\\n<\\/ul><p class=\\\"MsoNormal\\\" style=\\\"margin-bottom:7.5pt;line-height:normal;background-size:initial;\\\"><span style=\\\"font-size:10.5pt;font-family:Arial, \'sans-serif\';color:#6F7174;\\\"><br \\/><\\/span><\\/p><p class=\\\"MsoNormal\\\" style=\\\"margin-bottom:7.5pt;line-height:normal;background-size:initial;\\\"><span style=\\\"font-size:10.5pt;font-family:Arial, \'sans-serif\';color:#6F7174;\\\">You also may provide\\r\\ninformation to be published or displayed (hereinafter, \\u201cposted\\u201d) on public\\r\\nareas of the Website, or transmitted to other users of the Website or third\\r\\nparties (collectively, \\u201cUser Contributions\\u201d). Your User Contributions are\\r\\nposted on and transmitted to others at your own risk. Although we limit access\\r\\nto certain pages\\/you may set certain privacy settings for such information by\\r\\nlogging into your account profile, please be aware that no security measures\\r\\nare perfect or impenetrable. Additionally, we cannot control the actions of\\r\\nother users of the Website with whom you may choose to share your User Contributions.\\r\\nTherefore, we cannot and do not guarantee that your User Contributions will not\\r\\nbe viewed by unauthorized persons.<\\/span><\\/p><p><\\/p><p class=\\\"MsoNormal\\\" style=\\\"margin:15pt 0in 7.5pt;line-height:normal;background-size:initial;\\\"><b><span style=\\\"font-size:18pt;font-family:Arial, \'sans-serif\';color:#0070C0;text-transform:uppercase;\\\">INFORMATION WE\\r\\nCOLLECT THROUGH AUTOMATIC DATA COLLECTION TECHNOLOGIES.<\\/span><\\/b><\\/p><p><b><\\/b><\\/p><b><\\/b><p class=\\\"MsoNormal\\\" style=\\\"margin-bottom:7.5pt;line-height:normal;background-size:initial;\\\"><span style=\\\"font-size:10.5pt;font-family:Arial, \'sans-serif\';color:#6F7174;\\\">As you navigate\\r\\nthrough and interact with our Website, we may use automatic data collection\\r\\ntechnologies to collect certain information about your equipment, browsing\\r\\nactions and patterns, including:<\\/span><\\/p><p><\\/p><ul type=\\\"disc\\\">\\r\\n <li class=\\\"MsoNormal\\\" style=\\\"color:rgb(111,113,116);line-height:normal;background-size:initial;\\\"><span style=\\\"font-size:10.5pt;font-family:Arial, \'sans-serif\';\\\">Details of your visits to our\\r\\n     Website, including traffic data, location data, and other communication\\r\\n     data and the resources that you access and use on the Website.<\\/span><p><\\/p><\\/li>\\r\\n <li class=\\\"MsoNormal\\\" style=\\\"color:rgb(111,113,116);line-height:normal;background-size:initial;\\\"><span style=\\\"font-size:10.5pt;font-family:Arial, \'sans-serif\';\\\">Information about your computer\\r\\n     and internet connection, including your IP address, operating system and\\r\\n     browser type.<\\/span><p><\\/p><\\/li>\\r\\n<\\/ul><p class=\\\"MsoNormal\\\" style=\\\"margin-bottom:7.5pt;line-height:normal;background-size:initial;\\\"><span style=\\\"font-size:10.5pt;font-family:Arial, \'sans-serif\';color:#6F7174;\\\"><br \\/><\\/span><\\/p><p class=\\\"MsoNormal\\\" style=\\\"margin-bottom:7.5pt;line-height:normal;background-size:initial;\\\"><span style=\\\"font-size:10.5pt;font-family:Arial, \'sans-serif\';color:#6F7174;\\\">We also may use these\\r\\ntechnologies to collect information about your online activities over time and\\r\\nacross third-party websites or other online services (behavioral tracking). The\\r\\ninformation we collect automatically is statistical data and does not include\\r\\npersonal information, but we may maintain it or associate it with personal\\r\\ninformation we collect in other ways or receive from third parties. It helps us\\r\\nto improve our Website and to deliver a better and more personalized service,\\r\\nincluding by enabling us to:<\\/span><\\/p><p><\\/p><ul type=\\\"disc\\\">\\r\\n <li class=\\\"MsoNormal\\\" style=\\\"color:rgb(111,113,116);line-height:normal;background-size:initial;\\\"><span style=\\\"font-size:10.5pt;font-family:Arial, \'sans-serif\';\\\">Estimate our audience size and\\r\\n     usage patterns.<\\/span><p><\\/p><\\/li>\\r\\n <li class=\\\"MsoNormal\\\" style=\\\"color:rgb(111,113,116);line-height:normal;background-size:initial;\\\"><span style=\\\"font-size:10.5pt;font-family:Arial, \'sans-serif\';\\\">Store information about your preferences,\\r\\n     allowing us to customize our Website according to your individual\\r\\n     interests.<\\/span><p><\\/p><\\/li>\\r\\n <li class=\\\"MsoNormal\\\" style=\\\"color:rgb(111,113,116);line-height:normal;background-size:initial;\\\"><span style=\\\"font-size:10.5pt;font-family:Arial, \'sans-serif\';\\\">Speed up your searches.<\\/span><p><\\/p><\\/li>\\r\\n <li class=\\\"MsoNormal\\\" style=\\\"color:rgb(111,113,116);line-height:normal;background-size:initial;\\\"><span style=\\\"font-size:10.5pt;font-family:Arial, \'sans-serif\';\\\">Recognize you when you return\\r\\n     to our Website.<\\/span><p><\\/p><\\/li><li class=\\\"MsoNormal\\\" style=\\\"color:rgb(111,113,116);line-height:normal;background-size:initial;\\\"><span style=\\\"font-size:10.5pt;font-family:Arial, \'sans-serif\';\\\"><br \\/><\\/span><\\/li>\\r\\n<\\/ul><p class=\\\"MsoNormal\\\" style=\\\"margin-bottom:7.5pt;line-height:normal;background-size:initial;\\\"><span style=\\\"font-size:10.5pt;font-family:Arial, \'sans-serif\';color:#6F7174;\\\">The technologies we\\r\\nuse for this automatic data collection may include:<\\/span><\\/p><p><\\/p><ul type=\\\"disc\\\">\\r\\n <li class=\\\"MsoNormal\\\" style=\\\"color:rgb(111,113,116);line-height:normal;background-size:initial;\\\"><span style=\\\"font-size:10.5pt;font-family:Arial, \'sans-serif\';\\\">Cookies (or browser cookies). A\\r\\n     cookie is a small file placed on the hard drive of your computer. You may\\r\\n     refuse to accept browser cookies by activating the appropriate setting on\\r\\n     your browser. However, if you select this setting you may be unable to\\r\\n     access certain parts of our Website. Unless you have adjusted your browser\\r\\n     setting so that it will refuse cookies, our system will issue cookies when\\r\\n     you direct your browser to our Website.<\\/span><p><\\/p><\\/li>\\r\\n <li class=\\\"MsoNormal\\\" style=\\\"color:rgb(111,113,116);line-height:normal;background-size:initial;\\\"><span style=\\\"font-size:10.5pt;font-family:Arial, \'sans-serif\';\\\">Flash Cookies. Certain features\\r\\n     of our Website may use local stored objects (or Flash cookies) to collect\\r\\n     and store information about your preferences and navigation to, from and\\r\\n     on our Website. Flash cookies are not managed by the same browser settings\\r\\n     as are used for browser cookies.<\\/span><p><\\/p><\\/li>\\r\\n <li class=\\\"MsoNormal\\\" style=\\\"color:rgb(111,113,116);line-height:normal;background-size:initial;\\\"><span style=\\\"font-size:10.5pt;font-family:Arial, \'sans-serif\';\\\">Web Beacons. Pages of our the\\r\\n     Website may contain small electronic files known as web beacons (also\\r\\n     referred to as clear gifs. pixel tags and single-pixel gifs) that permit\\r\\n     the Company, for example, to count users who have visited those pages or\\r\\n     opened an e-mail and for other related website statistics (for example,\\r\\n     recording the popularity of certain website content and verifying system\\r\\n     and server integrity).<\\/span><p><\\/p><\\/li>\\r\\n<\\/ul><p class=\\\"MsoNormal\\\" style=\\\"margin-bottom:7.5pt;line-height:normal;background-size:initial;\\\"><span style=\\\"font-size:10.5pt;font-family:Arial, \'sans-serif\';color:#6F7174;\\\"><br \\/><\\/span><\\/p><p class=\\\"MsoNormal\\\" style=\\\"margin-bottom:7.5pt;line-height:normal;background-size:initial;\\\"><span style=\\\"font-size:10.5pt;font-family:Arial, \'sans-serif\';color:#6F7174;\\\">We do not collect\\r\\npersonal Information automatically, but we may tie this information to personal\\r\\ninformation about you that we collect from other sources or you provide to us.<\\/span><\\/p><p><\\/p><p class=\\\"MsoNormal\\\" style=\\\"margin:15pt 0in 7.5pt;line-height:normal;background-size:initial;\\\"><b><span style=\\\"font-size:18pt;font-family:Arial, \'sans-serif\';color:#0070C0;text-transform:uppercase;\\\">THIRD-PARTY USE OF\\r\\nCOOKIES AND OTHER TRACKING TECHNOLOGIES.<\\/span><\\/b><\\/p><p><b><\\/b><\\/p><b><\\/b><p class=\\\"MsoNormal\\\" style=\\\"margin-bottom:7.5pt;line-height:normal;background-size:initial;\\\"><span style=\\\"font-size:10.5pt;font-family:Arial, \'sans-serif\';color:#6F7174;\\\">Some content or\\r\\napplications, including advertisements, on the Website are served by\\r\\nthird-parties, including advertisers, ad networks and servers, content\\r\\nproviders and application providers. These third parties may use cookies alone\\r\\nor in conjunction with web beacons or other tracking technologies to collect\\r\\ninformation about you when you use our website. The information they collect\\r\\nmay be associated with your personal information or they may collect\\r\\ninformation, including personal information, about your online activities over\\r\\ntime and across different websites and other online services. They may use this\\r\\ninformation to provide you with interest-based (behavioral) advertising or\\r\\nother targeted content.<\\/span><\\/p><p><\\/p><p class=\\\"MsoNormal\\\" style=\\\"margin-bottom:7.5pt;line-height:normal;background-size:initial;\\\"><span style=\\\"font-size:10.5pt;font-family:Arial, \'sans-serif\';color:#6F7174;\\\">We do not control\\r\\nthese third parties\\u2019 tracking technologies or how they may be used. If you have\\r\\nany questions about an advertisement or other targeted content, you should\\r\\ncontact the responsible provider directly.<\\/span><\\/p><p><\\/p><p class=\\\"MsoNormal\\\" style=\\\"margin:15pt 0in 7.5pt;line-height:normal;background-size:initial;\\\"><b><span style=\\\"font-size:18pt;font-family:Arial, \'sans-serif\';color:#0070C0;text-transform:uppercase;\\\">HOW WE USE YOUR\\r\\nINFORMATION<\\/span><\\/b><\\/p><p><b><\\/b><\\/p><b><\\/b><p class=\\\"MsoNormal\\\" style=\\\"margin-bottom:7.5pt;line-height:normal;background-size:initial;\\\"><span style=\\\"font-size:10.5pt;font-family:Arial, \'sans-serif\';color:#6F7174;\\\">We use information\\r\\nthat we collect about you or that you provide to us, including any personal\\r\\ninformation:<\\/span><\\/p><p><\\/p><ul type=\\\"disc\\\">\\r\\n <li class=\\\"MsoNormal\\\" style=\\\"color:rgb(111,113,116);line-height:normal;background-size:initial;\\\"><span style=\\\"font-size:10.5pt;font-family:Arial, \'sans-serif\';\\\">To present our Website and its\\r\\n     contents to you.<\\/span><p><\\/p><\\/li>\\r\\n <li class=\\\"MsoNormal\\\" style=\\\"color:rgb(111,113,116);line-height:normal;background-size:initial;\\\"><span style=\\\"font-size:10.5pt;font-family:Arial, \'sans-serif\';\\\">To provide you with\\r\\n     information, products or services that you request from us.<\\/span><p><\\/p><\\/li>\\r\\n <li class=\\\"MsoNormal\\\" style=\\\"color:rgb(111,113,116);line-height:normal;background-size:initial;\\\"><span style=\\\"font-size:10.5pt;font-family:Arial, \'sans-serif\';\\\">To provide you with information\\r\\n     about our services<\\/span><p><\\/p><\\/li>\\r\\n <li class=\\\"MsoNormal\\\" style=\\\"color:rgb(111,113,116);line-height:normal;background-size:initial;\\\"><span style=\\\"font-size:10.5pt;font-family:Arial, \'sans-serif\';\\\">To provide you with notices\\r\\n     about your account\\/subscription, including expiration and renewal notices.<\\/span><p><\\/p><\\/li>\\r\\n <li class=\\\"MsoNormal\\\" style=\\\"color:rgb(111,113,116);line-height:normal;background-size:initial;\\\"><span style=\\\"font-size:10.5pt;font-family:Arial, \'sans-serif\';\\\">To carry out our obligations\\r\\n     and enforce our rights arising from any contracts entered into between you\\r\\n     and us, including for billing and collection.<\\/span><p><\\/p><\\/li>\\r\\n <li class=\\\"MsoNormal\\\" style=\\\"color:rgb(111,113,116);line-height:normal;background-size:initial;\\\"><span style=\\\"font-size:10.5pt;font-family:Arial, \'sans-serif\';\\\">To notify you about changes to\\r\\n     our Website or any products or services we offer or provide though it.<\\/span><p><\\/p><\\/li>\\r\\n <li class=\\\"MsoNormal\\\" style=\\\"color:rgb(111,113,116);line-height:normal;background-size:initial;\\\"><span style=\\\"font-size:10.5pt;font-family:Arial, \'sans-serif\';\\\">To allow you to participate in\\r\\n     interactive features on our Website.<\\/span><p><\\/p><\\/li>\\r\\n <li class=\\\"MsoNormal\\\" style=\\\"color:rgb(111,113,116);line-height:normal;background-size:initial;\\\"><span style=\\\"font-size:10.5pt;font-family:Arial, \'sans-serif\';\\\">In any other way we may\\r\\n     describe when you provide the information.<\\/span><p><\\/p><\\/li>\\r\\n <li class=\\\"MsoNormal\\\" style=\\\"color:rgb(111,113,116);line-height:normal;background-size:initial;\\\"><span style=\\\"font-size:10.5pt;font-family:Arial, \'sans-serif\';\\\">To fulfill any purpose for\\r\\n     which you provide it.<\\/span><p><\\/p><\\/li>\\r\\n <li class=\\\"MsoNormal\\\" style=\\\"color:rgb(111,113,116);line-height:normal;background-size:initial;\\\"><span style=\\\"font-size:10.5pt;font-family:Arial, \'sans-serif\';\\\">For any other purpose with your\\r\\n     consent.<\\/span><p><\\/p><\\/li>\\r\\n<\\/ul><p class=\\\"MsoNormal\\\" style=\\\"margin-bottom:7.5pt;line-height:normal;background-size:initial;\\\"><span style=\\\"font-size:10.5pt;font-family:Arial, \'sans-serif\';color:#6F7174;\\\"><br \\/><\\/span><\\/p><p class=\\\"MsoNormal\\\" style=\\\"margin-bottom:7.5pt;line-height:normal;background-size:initial;\\\"><span style=\\\"font-size:10.5pt;font-family:Arial, \'sans-serif\';color:#6F7174;\\\">We may use the\\r\\ninformation we have collected from you to enable us to display advertisements\\r\\nto our advertisers\\u2019 target audiences. Even though we do not disclose your\\r\\npersonal information for these purposes without your consent, if you click on\\r\\nor otherwise interact with an advertisement, the advertiser may assume that you\\r\\nmeet its target criteria.<\\/span><\\/p><p><\\/p><p class=\\\"MsoNormal\\\" style=\\\"margin:15pt 0in 7.5pt;line-height:normal;background-size:initial;\\\"><b><span style=\\\"font-size:18pt;font-family:Arial, \'sans-serif\';color:#0070C0;text-transform:uppercase;\\\">DISCLOSURE OF YOUR\\r\\nINFORMATION<\\/span><\\/b><\\/p><p><b><\\/b><\\/p><b><\\/b><p class=\\\"MsoNormal\\\" style=\\\"margin-bottom:7.5pt;line-height:normal;background-size:initial;\\\"><span style=\\\"font-size:10.5pt;font-family:Arial, \'sans-serif\';color:#6F7174;\\\">We may disclose aggregated\\r\\ninformation about our users, and information that does not identify any\\r\\nindividual, without restriction.<\\/span><\\/p><p><\\/p><p class=\\\"MsoNormal\\\" style=\\\"margin-bottom:7.5pt;line-height:normal;background-size:initial;\\\"><span style=\\\"font-size:10.5pt;font-family:Arial, \'sans-serif\';color:#6F7174;\\\">We may disclose\\r\\npersonal information that we collect or you provide as described in this\\r\\nprivacy policy:<\\/span><\\/p><p><\\/p><ul type=\\\"disc\\\">\\r\\n <li class=\\\"MsoNormal\\\" style=\\\"color:rgb(111,113,116);line-height:normal;background-size:initial;\\\"><span style=\\\"font-size:10.5pt;font-family:Arial, \'sans-serif\';\\\">To our subsidiaries and\\r\\n     affiliates.<\\/span><p><\\/p><\\/li>\\r\\n <li class=\\\"MsoNormal\\\" style=\\\"color:rgb(111,113,116);line-height:normal;background-size:initial;\\\"><span style=\\\"font-size:10.5pt;font-family:Arial, \'sans-serif\';\\\">To contractors, service\\r\\n     providers and other third parties we use to support our business and who\\r\\n     are bound by contractual obligations to keep personal information\\r\\n     confidential and use it only for the purposes for which we disclose it to\\r\\n     them.<\\/span><p><\\/p><\\/li>\\r\\n <li class=\\\"MsoNormal\\\" style=\\\"color:rgb(111,113,116);line-height:normal;background-size:initial;\\\"><span style=\\\"font-size:10.5pt;font-family:Arial, \'sans-serif\';\\\">To a buyer or other successor\\r\\n     in the event of a merger, divestiture, restructuring, reorganization,\\r\\n     dissolution or other sale or transfer of some or all of the Company\\u2019s\\r\\n     assets, whether as a going concern or as part of bankruptcy, liquidation\\r\\n     or similar proceeding, in which personal information held by the Company\\r\\n     about our Website users is among the assets transferred.<\\/span><p><\\/p><\\/li>\\r\\n <li class=\\\"MsoNormal\\\" style=\\\"color:rgb(111,113,116);line-height:normal;background-size:initial;\\\"><span style=\\\"font-size:10.5pt;font-family:Arial, \'sans-serif\';\\\">To third parties to market\\r\\n     their products or services to you if you have consented to these\\r\\n     disclosures. We contractually require these third parties to keep personal\\r\\n     information confidential and use it only for the purposes for which we\\r\\n     disclose it to them.<\\/span><p><\\/p><\\/li>\\r\\n <li class=\\\"MsoNormal\\\" style=\\\"color:rgb(111,113,116);line-height:normal;background-size:initial;\\\"><span style=\\\"font-size:10.5pt;font-family:Arial, \'sans-serif\';\\\">To fulfill the purpose for\\r\\n     which you provide it. For example, if you give us an e-mail address to use\\r\\n     the \\u201ce-mail a friend\\u201d feature of our Website, we will transmit the\\r\\n     contents of that e-mail and your e-mail address to the recipients.<\\/span><p><\\/p><\\/li>\\r\\n <li class=\\\"MsoNormal\\\" style=\\\"color:rgb(111,113,116);line-height:normal;background-size:initial;\\\"><span style=\\\"font-size:10.5pt;font-family:Arial, \'sans-serif\';\\\">For any other purpose disclosed\\r\\n     by us when you provide the information.<\\/span><p><\\/p><\\/li>\\r\\n <li class=\\\"MsoNormal\\\" style=\\\"color:rgb(111,113,116);line-height:normal;background-size:initial;\\\"><span style=\\\"font-size:10.5pt;font-family:Arial, \'sans-serif\';\\\">With your consent.<\\/span><p><\\/p><\\/li>\\r\\n<\\/ul><p class=\\\"MsoNormal\\\" style=\\\"margin-bottom:7.5pt;line-height:normal;background-size:initial;\\\"><span style=\\\"font-size:10.5pt;font-family:Arial, \'sans-serif\';color:#6F7174;\\\"><br \\/><\\/span><\\/p><p class=\\\"MsoNormal\\\" style=\\\"margin-bottom:7.5pt;line-height:normal;background-size:initial;\\\"><span style=\\\"font-size:10.5pt;font-family:Arial, \'sans-serif\';color:#6F7174;\\\">We may also disclose\\r\\nyour personal information:<\\/span><\\/p><p><\\/p><ul type=\\\"disc\\\">\\r\\n <li class=\\\"MsoNormal\\\" style=\\\"color:rgb(111,113,116);line-height:normal;background-size:initial;\\\"><span style=\\\"font-size:10.5pt;font-family:Arial, \'sans-serif\';\\\">To comply with any court order,\\r\\n     law or legal process, including to respond to any government or regulatory\\r\\n     request.<\\/span><p><\\/p><\\/li>\\r\\n <li class=\\\"MsoNormal\\\" style=\\\"color:rgb(111,113,116);line-height:normal;background-size:initial;\\\"><span style=\\\"font-size:10.5pt;font-family:Arial, \'sans-serif\';\\\">To enforce or apply our terms\\r\\n     of use and other agreements, including for billing and collection\\r\\n     purposes.<\\/span><p><\\/p><\\/li>\\r\\n <li class=\\\"MsoNormal\\\" style=\\\"color:rgb(111,113,116);line-height:normal;background-size:initial;\\\"><span style=\\\"font-size:10.5pt;font-family:Arial, \'sans-serif\';\\\">If we believe disclosure is\\r\\n     necessary or appropriate to protect the rights, property, or safety of the\\r\\n     Company, our customers or others. This includes exchanging information\\r\\n     with other companies and organizations for the purposes of fraud\\r\\n     protection and credit risk reduction.<\\/span><p><\\/p><\\/li>\\r\\n<\\/ul><p class=\\\"MsoNormal\\\" style=\\\"margin:15pt 0in 7.5pt;line-height:normal;background-size:initial;\\\"><b><span style=\\\"font-size:18pt;font-family:Arial, \'sans-serif\';color:#0070C0;text-transform:uppercase;\\\">CHOICES ABOUT HOW WE\\r\\nUSE AND DISCLOSE YOUR INFORMATION<\\/span><\\/b><\\/p><p><b><\\/b><\\/p><b><\\/b><p class=\\\"MsoNormal\\\" style=\\\"margin-bottom:7.5pt;line-height:normal;background-size:initial;\\\"><span style=\\\"font-size:10.5pt;font-family:Arial, \'sans-serif\';color:#6F7174;\\\">We strive to provide\\r\\nyou with choices regarding the personal information you provide to us. We have\\r\\ncreated mechanisms to provide you with the following control over your\\r\\ninformation:<\\/span><\\/p><p><\\/p><ul type=\\\"disc\\\">\\r\\n <li class=\\\"MsoNormal\\\" style=\\\"color:rgb(111,113,116);line-height:normal;background-size:initial;\\\"><span style=\\\"font-size:10.5pt;font-family:Arial, \'sans-serif\';\\\">Tracking Technologies and\\r\\n     Advertising. You can set your browser to refuse all or some browser\\r\\n     cookies, or to alert you when cookies are being sent. To learn how you can\\r\\n     manage your Flash cookie settings, visit the Flash player settings page on\\r\\n     Adobe\\u2019s website. If you disable or refuse cookies, please note that some\\r\\n     parts of this site may then be inaccessible or not function properly.<\\/span><p><\\/p><\\/li>\\r\\n <li class=\\\"MsoNormal\\\" style=\\\"color:rgb(111,113,116);line-height:normal;background-size:initial;\\\"><span style=\\\"font-size:10.5pt;font-family:Arial, \'sans-serif\';\\\">We do not control third\\r\\n     parties\\u2019 collection or use of your information to serve interest-based\\r\\n     advertising. However these third parties may provide you with ways to\\r\\n     choose not to have your information collected or used in this way. You can\\r\\n     opt out of receiving targeted ads from members of the Network Advertising\\r\\n     Initiative (\\u201cNAI\\u201d) on the NAI\\u2019s website.<\\/span><p><\\/p><\\/li>\\r\\n<\\/ul><p class=\\\"MsoNormal\\\" style=\\\"margin:15pt 0in 7.5pt;line-height:normal;background-size:initial;\\\"><b><span style=\\\"font-size:18pt;font-family:Arial, \'sans-serif\';color:#0070C0;text-transform:uppercase;\\\">ACCESSING AND\\r\\nCORRECTING YOUR INFORMATION<\\/span><\\/b><\\/p><p><b><\\/b><\\/p><b><\\/b><p class=\\\"MsoNormal\\\" style=\\\"margin-bottom:7.5pt;line-height:normal;background-size:initial;\\\"><span style=\\\"font-size:10.5pt;font-family:Arial, \'sans-serif\';color:#6F7174;\\\">You may send us an\\r\\ne-mail via our contact link to request access to, correct or delete any\\r\\npersonal information that you have provided to us. We cannot delete your\\r\\npersonal information except by also deleting your user account. We may not\\r\\naccommodate a request to change information if we believe the change would\\r\\nviolate any law or legal requirement or cause the information to be incorrect.<\\/span><\\/p><p><\\/p><p class=\\\"MsoNormal\\\" style=\\\"margin-bottom:7.5pt;line-height:normal;background-size:initial;\\\"><span style=\\\"font-size:10.5pt;font-family:Arial, \'sans-serif\';color:#6F7174;\\\">If you delete your\\r\\nUser Contributions from the Website, copies of your User Contributions may\\r\\nremain viewable in cached and archived pages, or might have been copied or\\r\\nstored by other Website users. Proper access and use of information provided on\\r\\nthe Website, including User Contributions, is governed by our terms of use.<\\/span><\\/p><p><\\/p><p class=\\\"MsoNormal\\\" style=\\\"margin:15pt 0in 7.5pt;line-height:normal;background-size:initial;\\\"><b><span style=\\\"font-size:18pt;font-family:Arial, \'sans-serif\';color:#0070C0;text-transform:uppercase;\\\">YOUR CALIFORNIA\\r\\nPRIVACY RIGHTS<\\/span><\\/b><\\/p><p><b><\\/b><\\/p><b><\\/b><p class=\\\"MsoNormal\\\" style=\\\"margin-bottom:7.5pt;line-height:normal;background-size:initial;\\\"><span style=\\\"font-size:10.5pt;font-family:Arial, \'sans-serif\';color:#6F7174;\\\">California Civil Code\\r\\nSection \\u00a7 1798.83 permits users of our Website that are California residents to\\r\\nrequest certain information regarding our disclosure of personal information to\\r\\nthird parties for their direct marketing purposes. To make such a request,\\r\\nplease contact us via the Contact Us link.<\\/span><\\/p><p><\\/p><p class=\\\"MsoNormal\\\" style=\\\"margin:15pt 0in 7.5pt;line-height:normal;background-size:initial;\\\"><b><span style=\\\"font-size:18pt;font-family:Arial, \'sans-serif\';color:#0070C0;text-transform:uppercase;\\\">DATA SECURITY<\\/span><\\/b><\\/p><p><b><\\/b><\\/p><b><\\/b><p class=\\\"MsoNormal\\\" style=\\\"margin-bottom:7.5pt;line-height:normal;background-size:initial;\\\"><span style=\\\"font-size:10.5pt;font-family:Arial, \'sans-serif\';color:#6F7174;\\\">We have implemented\\r\\nmeasures designed to secure your personal information from accidental loss and\\r\\nfrom unauthorized access, use, alteration and disclosure<\\/span><\\/p><p><\\/p><p class=\\\"MsoNormal\\\" style=\\\"margin-bottom:7.5pt;line-height:normal;background-size:initial;\\\"><span style=\\\"font-size:10.5pt;font-family:Arial, \'sans-serif\';color:#6F7174;\\\">The safety and\\r\\nsecurity of your information also depends on you. Where we have given you (or\\r\\nwhere you have chosen) a password for access to certain parts of our Website,\\r\\nyou are responsible for keeping this password confidential. We ask you not to\\r\\nshare your password with anyone.<\\/span><\\/p><p><\\/p><p class=\\\"MsoNormal\\\" style=\\\"margin-bottom:7.5pt;line-height:normal;background-size:initial;\\\"><span style=\\\"font-size:10.5pt;font-family:Arial, \'sans-serif\';color:#6F7174;\\\">Unfortunately, the\\r\\ntransmission of information via the internet is not completely secure. Although\\r\\nwe do our best to protect your personal information, we cannot guarantee the\\r\\nsecurity of your personal information transmitted to our Website. Any\\r\\ntransmission of personal information is at your own risk. We are not\\r\\nresponsible for circumvention of any privacy settings or security measures\\r\\ncontained on the Website.<\\/span><\\/p><p><\\/p><p class=\\\"MsoNormal\\\" style=\\\"margin:15pt 0in 7.5pt;line-height:normal;background-size:initial;\\\"><b><span style=\\\"font-size:18pt;font-family:Arial, \'sans-serif\';color:#0070C0;text-transform:uppercase;\\\">CHANGES TO OUR\\r\\nPRIVACY POLICY<\\/span><\\/b><\\/p><p><b><\\/b><\\/p><b><\\/b><p class=\\\"MsoNormal\\\" style=\\\"margin-bottom:7.5pt;line-height:normal;background-size:initial;\\\"><span style=\\\"font-size:10.5pt;font-family:Arial, \'sans-serif\';color:#6F7174;\\\">It is our policy to\\r\\npost any changes we make to our privacy policy on this page. If we make\\r\\nmaterial changes to how we treat our users\\u2019 personal information, we will\\r\\nnotify you by e-mail to the e-mail address specified in your account and\\/or\\r\\nthrough a notice on the Website home page. The date the privacy policy was last\\r\\nrevised is identified at the top of the page. You are responsible for ensuring\\r\\nwe have an up-to-date active and deliverable e-mail address for you, and for\\r\\nperiodically visiting our Website and this privacy policy to check for any\\r\\nchanges.<\\/span><\\/p><p><\\/p><p class=\\\"MsoNormal\\\" style=\\\"margin:15pt 0in 7.5pt;line-height:normal;background-size:initial;\\\"><b><span style=\\\"font-size:18pt;font-family:Arial, \'sans-serif\';color:#0070C0;text-transform:uppercase;\\\">CONTACT INFORMATION<\\/span><\\/b><\\/p><p><b><\\/b><\\/p><b><\\/b><p class=\\\"MsoNormal\\\" style=\\\"margin-bottom:7.5pt;line-height:normal;background-size:initial;\\\"><span style=\\\"font-size:10.5pt;font-family:Arial, \'sans-serif\';color:#6F7174;\\\">To ask questions or\\r\\ncomment about this privacy policy and our privacy practices, contact via our\\r\\nContact Us link.<\\/span><\\/p><p><\\/p><p class=\\\"MsoNormal\\\" style=\\\"margin-bottom:7.5pt;line-height:normal;background-size:initial;\\\"><span style=\\\"font-size:10.5pt;font-family:Arial, \'sans-serif\';color:#6F7174;\\\">Thank You for Visiting\\r\\nthe Website.<\\/span><\\/p><p><\\/p><p class=\\\"MsoNormal\\\" style=\\\"margin:15pt 0in 7.5pt;line-height:normal;background-size:initial;\\\">\\r\\n\\r\\n\\r\\n\\r\\n\\r\\n\\r\\n\\r\\n\\r\\n\\r\\n\\r\\n\\r\\n\\r\\n\\r\\n\\r\\n\\r\\n\\r\\n\\r\\n\\r\\n\\r\\n\\r\\n\\r\\n\\r\\n\\r\\n\\r\\n\\r\\n\\r\\n\\r\\n\\r\\n\\r\\n\\r\\n\\r\\n\\r\\n\\r\\n\\r\\n\\r\\n\\r\\n\\r\\n\\r\\n\\r\\n\\r\\n\\r\\n\\r\\n\\r\\n\\r\\n\\r\\n\\r\\n\\r\\n\\r\\n\\r\\n\\r\\n\\r\\n\\r\\n\\r\\n\\r\\n\\r\\n\\r\\n\\r\\n\\r\\n\\r\\n\\r\\n\\r\\n\\r\\n\\r\\n\\r\\n\\r\\n\\r\\n\\r\\n\\r\\n\\r\\n\\r\\n\\r\\n\\r\\n\\r\\n\\r\\n\\r\\n\\r\\n\\r\\n\\r\\n\\r\\n\\r\\n\\r\\n\\r\\n\\r\\n\\r\\n\\r\\n\\r\\n\\r\\n\\r\\n\\r\\n\\r\\n\\r\\n\\r\\n\\r\\n\\r\\n\\r\\n\\r\\n\\r\\n\\r\\n\\r\\n\\r\\n\\r\\n\\r\\n\\r\\n\\r\\n\\r\\n\\r\\n\\r\\n\\r\\n\\r\\n\\r\\n\\r\\n\\r\\n\\r\\n\\r\\n\\r\\n\\r\\n\\r\\n\\r\\n<\\/p><p class=\\\"MsoNormal\\\"><\\/p><p>\\u00a0<\\/p><\\/div>\"}', '2021-07-06 08:59:07', '2022-10-25 23:31:48');
INSERT INTO `frontends` (`id`, `data_keys`, `data_values`, `created_at`, `updated_at`) VALUES
(95, 'footer.element', '{\"menu\":\"Refund Policy\",\"description\":\"<div class=\\\"mb-5\\\" style=\\\"color:rgb(111,111,111);font-family:Nunito, sans-serif;margin-bottom:3rem;\\\"><h3 class=\\\"mb-3\\\" style=\\\"line-height:1.3;font-family:Exo, sans-serif;color:rgb(54,54,54);font-size:24px;\\\"><\\/h3><p class=\\\"MsoNormal\\\" style=\\\"background-size:initial;\\\"><b><span style=\\\"font-size:24pt;font-family:Arial, \'sans-serif\';color:#0070C0;\\\">Refund Policy <\\/span><\\/b><b><span style=\\\"font-size:24pt;font-family:Arial, \'sans-serif\';color:#0070C0;\\\">Stork Track <\\/span><\\/b><\\/p><p><b><\\/b><\\/p><b><\\/b><p class=\\\"MsoNormal\\\" style=\\\"line-height:20.4pt;background-size:initial;\\\"><b><span style=\\\"font-size:18pt;font-family:Arial, \'sans-serif\';color:#0070C0;\\\">Online Bookings<\\/span><\\/b><span style=\\\"font-size:18pt;font-family:Arial, \'sans-serif\';color:#0070C0;\\\"><\\/span><\\/p><p><\\/p><p class=\\\"MsoNormal\\\" style=\\\"line-height:20.4pt;background-size:initial;\\\"><span style=\\\"font-family:Arial, \'sans-serif\';color:#000000;\\\">We\\r\\nwork hard to ensure all our clients receive the very highest levels of customer\\r\\nservice; our intention is to provide complete satisfaction with our same day\\r\\ncourier and overnight \\/ International parcel services.<\\/span><\\/p><p><\\/p><p class=\\\"MsoNormal\\\" style=\\\"line-height:20.4pt;background-size:initial;\\\"><span style=\\\"font-family:Arial, \'sans-serif\';color:#000000;\\\">Occasionally\\r\\nthings do not go exactly to plan and so we feel the very best way to ensure\\r\\nthat clients are 100% satisfied with our service, is to be clear about what we\\r\\nwill and will not do\\u2026<\\/span><\\/p><p><\\/p><p class=\\\"MsoNormal\\\" style=\\\"line-height:20.4pt;background-size:initial;\\\"><span style=\\\"font-family:Arial, \'sans-serif\';color:#000000;\\\">We\\r\\nwill use reasonable endeavors to collect consignments within the stated time\\r\\nframe, however, we will not be liable for any loss or expenses you may suffer\\r\\nif the consignment is not collected on time. Should an exact collection time be\\r\\nrequired, please telephone the office once booked to discuss with our operations\\r\\nteam.<\\/span><\\/p><p><\\/p><p class=\\\"MsoNormal\\\" style=\\\"line-height:20.4pt;background-size:initial;\\\"><span style=\\\"font-family:Arial, \'sans-serif\';color:#000000;\\\">We\\r\\nmay on occasions refuse to accept a consignment for delivery, or any part of it\\r\\nshould it be in- sufficiently packed, already damaged but not documented or\\r\\ndeemed unsuitable for travel in the interest of the client and for the safety\\r\\nof the driver. We may also inspect a consignment, for example to check for\\r\\ndangerous goods.<\\/span><\\/p><p><\\/p><p class=\\\"MsoNormal\\\" style=\\\"line-height:20.4pt;background-size:initial;\\\"><span style=\\\"font-family:Arial, \'sans-serif\';color:#000000;\\\">It\\r\\nis important that the appropriate size of vehicle to make a courier delivery is\\r\\nselected; too large or too small, additional costs could be incurred. Should\\r\\nadditional guidance be required on suitability of a vehicle please mail the\\r\\noffice to discuss. Vehicles booked and found to be too small on arrival at the\\r\\ncollection point this will be deemed a situation out of our control and the\\r\\ncancellation and refund procedure shall apply.<\\/span><\\/p><p><\\/p><p class=\\\"MsoNormal\\\" style=\\\"line-height:20.4pt;background-size:initial;\\\"><span style=\\\"font-family:Arial, \'sans-serif\';color:#000000;\\\">Should\\r\\nthere be a request to sign for acknowledgement of collection, that signature\\r\\nwill not be regarded as evidence of the condition of the goods. Any waiting or\\r\\nloading \\/ un-loading that exceeds 10 minutes at either the collection address\\r\\nor delivery address, we may charge an additional amount, this being our\\r\\nstandard hourly rate of the vehicle in question.<\\/span><\\/p><p><\\/p><p class=\\\"MsoNormal\\\" style=\\\"line-height:20.4pt;background-size:initial;\\\"><span style=\\\"font-family:Arial, \'sans-serif\';color:#000000;\\\">We\\r\\nwill make one attempt to deliver consignments, however if we cannot complete\\r\\nthis, we will provide the option to either make a second attempt, deliver to an\\r\\nalternative address provided by the client, or return the consignment to the\\r\\ncollection address (see cancellations below). In these circumstances we will\\r\\nalways contact the client to agree the best option.<\\/span><\\/p><p><\\/p><p class=\\\"MsoNormal\\\" style=\\\"line-height:20.4pt;background-size:initial;\\\"><span style=\\\"font-family:Arial, \'sans-serif\';color:#000000;\\\">We\\r\\nwill take all reasonable steps to obtain a proof of delivery at the time of\\r\\ndelivery. That proof of delivery will be conclusive evidence that the\\r\\nconsignment was delivered complete and in good order, unless the consignee\\r\\nmarks otherwise at the time of delivery. We will not be liable for any loss or\\r\\nmis-delivery where delivery has been made in good faith to a person claiming to\\r\\nbe the consignee, or an employee, subcontractor, or agent of the consignee.<\\/span><\\/p><p><\\/p><p class=\\\"MsoNormal\\\" style=\\\"line-height:20.4pt;background-size:initial;\\\"><span style=\\\"font-family:Arial, \'sans-serif\';color:#000000;\\\">The\\r\\nproof of delivery may be either in electronic format or hard copy paper format.\\r\\nWe will only retain original hard copy proofs of delivery obtained by us and\\/or\\r\\nany other associated documentation relating to deliveries for a minimum period\\r\\nof six months from the date of collection. After that we may destroy these\\r\\nitems without any reference or obligation to you.<\\/span><\\/p><p><\\/p><p class=\\\"MsoNormal\\\" style=\\\"line-height:20.4pt;background-size:initial;\\\"><span style=\\\"font-family:Arial, \'sans-serif\';color:#000000;\\\">There\\r\\nare certain items we cannot accept liability for on any of our services. These\\r\\ninclude cash, notes, money orders, vouchers, credit cards, stamps, deeds,\\r\\npassports, tickets, travellers\\u2019 cheques, jewellery, precious stones, watches,\\r\\nprecious metals, works of art, antiques, china, glass, living creatures and any\\r\\nother similar valuable articles.<\\/span><\\/p><p><\\/p><p class=\\\"MsoNormal\\\" style=\\\"line-height:20.4pt;background-size:initial;\\\"><span style=\\\"font-family:Arial, \'sans-serif\';color:#000000;\\\">\\u00a0<\\/span><\\/p><p><\\/p><p class=\\\"MsoNormal\\\" style=\\\"line-height:20.4pt;background-size:initial;\\\"><span style=\\\"font-family:Arial, \'sans-serif\';color:#000000;\\\">We\\r\\nwill not be liable for any loss or damage to any consignment that cannot be\\r\\ncarried within lockable equipment normally provided on the vehicle ordered. For\\r\\nexample, if a motorcycle is booked to make a delivery and the consignment is\\r\\ntoo big to fit in its carrying equipment, we may be able to carry it (providing\\r\\nit is safe to do so), but will not be liable for any loss or damage to that\\r\\nconsignment.<\\/span><\\/p><p><\\/p><p class=\\\"MsoNormal\\\" style=\\\"line-height:20.4pt;background-size:initial;\\\"><span style=\\\"font-family:Arial, \'sans-serif\';color:#000000;\\\">We\\r\\nwill not be liable for any consequential or economic loss or damage suffered by\\r\\nclients or any third party. Our liability is strictly limited to the cost of\\r\\nreplacement of, or repair to, the goods sent in the consignment, subject to limits\\r\\nand conditions given below.<\\/span><\\/p><p><\\/p><p class=\\\"MsoNormal\\\" style=\\\"line-height:20.4pt;background-size:initial;\\\"><span style=\\\"font-family:Arial, \'sans-serif\';color:#000000;\\\">We\\r\\nwill not be liable for any loss or damage to the consignment, or any delay or\\r\\nmis-delivery if the cause was any of the following:-<\\/span><\\/p><p><\\/p><p class=\\\"MsoNormal\\\" style=\\\"line-height:20.4pt;background-size:initial;\\\"><span style=\\\"font-family:Arial, \'sans-serif\';color:#000000;\\\">\\u00a0<\\/span><\\/p><p><\\/p><p class=\\\"MsoNormal\\\" style=\\\"margin-left:0in;text-indent:0in;line-height:20.4pt;background-size:initial;\\\"><span style=\\\"font-family:Arial, \'sans-serif\';color:#000000;\\\">a.<span style=\\\"font-size:7pt;line-height:normal;font-family:\'Times New Roman\';\\\">\\u00a0\\u00a0\\u00a0\\u00a0\\u00a0\\u00a0\\u00a0\\u00a0\\u00a0\\u00a0\\u00a0\\u00a0\\u00a0\\u00a0\\u00a0\\r\\n<\\/span><\\/span><span style=\\\"font-family:Arial, \'sans-serif\';color:#000000;\\\">\\u00a0\\u00a0War, terrorism, riot, strike, lockout, or any\\r\\nsimilar action.<\\/span><\\/p><p><\\/p><ol start=\\\"2\\\" type=\\\"a\\\">\\r\\n <li class=\\\"MsoNormal\\\" style=\\\"color:#000000;line-height:20.4pt;background-size:initial;\\\"><span style=\\\"font-family:Arial, \'sans-serif\';\\\">Natural disasters such as\\r\\n     flooding, poor or extreme weather conditions.<\\/span><p><\\/p><\\/li>\\r\\n <li class=\\\"MsoNormal\\\" style=\\\"color:#000000;line-height:20.4pt;background-size:initial;\\\"><span style=\\\"font-family:Arial, \'sans-serif\';\\\">The consignment being seized or\\r\\n     detained by any public authority.<\\/span><p><\\/p><\\/li>\\r\\n <li class=\\\"MsoNormal\\\" style=\\\"color:#000000;line-height:20.4pt;background-size:initial;\\\"><span style=\\\"font-family:Arial, \'sans-serif\';\\\">Incorrect or insufficient\\r\\n     address given on the consignment note or manifest. This includes any\\r\\n     omission or ambiguity of information provided to us.<\\/span><p><\\/p><\\/li>\\r\\n <li class=\\\"MsoNormal\\\" style=\\\"color:#000000;line-height:20.4pt;background-size:initial;\\\"><span style=\\\"font-family:Arial, \'sans-serif\';\\\">Incorrect or insufficient\\r\\n     packaging of the consignment.<\\/span><p><\\/p><\\/li>\\r\\n <li class=\\\"MsoNormal\\\" style=\\\"color:#000000;line-height:20.4pt;background-size:initial;\\\"><span style=\\\"font-family:Arial, \'sans-serif\';\\\">Natural wastage of a perishable\\r\\n     or fragile consignment.<\\/span><p><\\/p><\\/li>\\r\\n <li class=\\\"MsoNormal\\\" style=\\\"color:#000000;line-height:20.4pt;background-size:initial;\\\"><span style=\\\"font-family:Arial, \'sans-serif\';\\\">Traffic congestion or delay.<\\/span><p><\\/p><\\/li>\\r\\n <li class=\\\"MsoNormal\\\" style=\\\"color:#000000;line-height:20.4pt;background-size:initial;\\\"><span style=\\\"font-family:Arial, \'sans-serif\';\\\">Any other event reasonable\\r\\n     beyond our control.<\\/span><p><\\/p><\\/li>\\r\\n<\\/ol><p class=\\\"MsoNormal\\\" style=\\\"line-height:20.4pt;background-size:initial;\\\"><span style=\\\"font-family:Arial, \'sans-serif\';color:#000000;\\\">\\u00a0<\\/span><\\/p><p><\\/p><p class=\\\"MsoNormal\\\" style=\\\"line-height:20.4pt;background-size:initial;\\\"><span style=\\\"font-family:Arial, \'sans-serif\';color:#000000;\\\">If\\r\\nthe loss or damage is found to be as a result of Stork Track actions, then our\\r\\nliability to the client is limited as follows:-<\\/span><\\/p><p><\\/p><p class=\\\"MsoNormal\\\" style=\\\"margin-left:0in;text-indent:0in;line-height:20.4pt;background-size:initial;\\\"><span style=\\\"font-family:Arial, \'sans-serif\';color:#000000;\\\">a.<span style=\\\"font-size:7pt;line-height:normal;font-family:\'Times New Roman\';\\\">\\u00a0\\u00a0\\u00a0\\u00a0\\u00a0\\u00a0\\u00a0\\u00a0\\u00a0\\u00a0\\u00a0\\u00a0\\u00a0\\u00a0\\u00a0\\r\\n<\\/span><\\/span><span style=\\\"font-family:Arial, \'sans-serif\';color:#000000;\\\">Up\\r\\nto $10,000 per vehicle for same day delivery.<\\/span><\\/p><p><\\/p><ol start=\\\"2\\\" type=\\\"a\\\">\\r\\n <li class=\\\"MsoNormal\\\" style=\\\"color:#000000;line-height:20.4pt;background-size:initial;\\\"><span style=\\\"font-family:Arial, \'sans-serif\';\\\">Up to $100 per consignment for\\r\\n     next day delivery.<\\/span><p><\\/p><\\/li>\\r\\n <li class=\\\"MsoNormal\\\" style=\\\"color:#000000;line-height:20.4pt;background-size:initial;\\\"><span style=\\\"font-family:Arial, \'sans-serif\';\\\">Up to $100 per consignment for\\r\\n     international delivery.<\\/span><p><\\/p><\\/li>\\r\\n<\\/ol><p class=\\\"MsoNormal\\\" style=\\\"line-height:20.4pt;background-size:initial;\\\"><span style=\\\"font-family:Arial, \'sans-serif\';color:#000000;\\\">\\u00a0<\\/span><\\/p><p><\\/p><p class=\\\"MsoNormal\\\" style=\\\"line-height:20.4pt;background-size:initial;\\\"><span style=\\\"font-family:Arial, \'sans-serif\';color:#000000;\\\">Should\\r\\nthese limits not be a sufficient level, we can provide extra insurance cover on\\r\\nindividual consignments for an additional charge.<\\/span><\\/p><p><\\/p><p class=\\\"MsoNormal\\\" style=\\\"line-height:20.4pt;background-size:initial;\\\"><span style=\\\"font-family:Arial, \'sans-serif\';color:#000000;\\\">If\\r\\nwe are to consider any claim for non-delivery, late delivery, or loss or damage\\r\\nto the consignment, we must be notified in writing within 7 days of delivery\\r\\nfor any shortage or damage, and within 14 days for any loss. We will be\\r\\nentitled to ask for written evidence to establish the value of the loss or\\r\\ndamage (for example, a copy invoice from a supplier). We may also ask for an\\r\\nestimate to repair items should that be appropriate.<\\/span><\\/p><p><\\/p><p class=\\\"MsoNormal\\\" style=\\\"line-height:20.4pt;background-size:initial;\\\"><span style=\\\"font-family:Arial, \'sans-serif\';color:#000000;\\\">Refunds\\r\\nmay be entitled as per below:-<\\/span><\\/p><p><\\/p><p class=\\\"MsoNormal\\\" style=\\\"line-height:20.4pt;background-size:initial;\\\"><b><span style=\\\"font-size:18pt;font-family:Arial, \'sans-serif\';color:#1F497D;\\\">Cancelled Bookings<\\/span><\\/b><span style=\\\"font-size:18pt;font-family:Arial, \'sans-serif\';color:#1F497D;\\\"><\\/span><\\/p><p><\\/p><ul type=\\\"disc\\\">\\r\\n <li class=\\\"MsoNormal\\\" style=\\\"color:#000000;line-height:20.4pt;background-size:initial;\\\"><span style=\\\"font-family:Arial, \'sans-serif\';\\\">If the vehicle has not left our\\r\\n     Operating Centre at the point of cancellation, a full refund will be\\r\\n     processed.<\\/span><p><\\/p><\\/li>\\r\\n <li class=\\\"MsoNormal\\\" style=\\\"color:#000000;line-height:20.4pt;background-size:initial;\\\"><span style=\\\"font-family:Arial, \'sans-serif\';\\\">If the vehicle has left the\\r\\n     Operating Centre and is on route to the collection point a charge will be\\r\\n     made commensurate with the time spent and distance travelled up to the\\r\\n     point of cancellation. This charge will be subject to the vehicles minimum\\r\\n     charge value.<\\/span><p><\\/p><\\/li>\\r\\n <li class=\\\"MsoNormal\\\" style=\\\"color:#000000;line-height:20.4pt;background-size:initial;\\\"><span style=\\\"font-family:Arial, \'sans-serif\';\\\">If the vehicle attends the\\r\\n     collection point and is unable to make the collection, for any reason\\r\\n     outside of our control, a charge will be made commensurate with the time\\r\\n     spent and distance travelled up to that point. This charge will be subject\\r\\n     to the vehicles minimum charge value.<\\/span><p><\\/p><\\/li>\\r\\n <li class=\\\"MsoNormal\\\" style=\\\"color:rgb(153,153,153);line-height:20.4pt;background-size:initial;\\\"><span style=\\\"font-family:Arial, \'sans-serif\';color:#000000;\\\">Once\\r\\n     the collection has been made and the vehicle is on route, if the delivery\\r\\n     is then cancelled,\\u00a0a charge will be made commensurate with the time\\r\\n     spent and distance travelled to return the items to the collection point.\\r\\n     This charge will be subject to the vehicles minimum charge value<\\/span><span style=\\\"font-family:Arial, \'sans-serif\';\\\">.<\\/span><p><\\/p><\\/li>\\r\\n<\\/ul><p class=\\\"MsoNormal\\\" style=\\\"line-height:20.4pt;background-size:initial;\\\"><b><span style=\\\"font-family:Arial, \'sans-serif\';color:#999999;\\\">\\u00a0<\\/span><\\/b><span style=\\\"font-family:Arial, \'sans-serif\';color:#999999;\\\"><\\/span><\\/p><p><\\/p><p class=\\\"MsoNormal\\\" style=\\\"line-height:20.4pt;background-size:initial;\\\"><b><span style=\\\"font-size:18pt;font-family:Arial, \'sans-serif\';color:#0070C0;\\\">Credit Card<\\/span><\\/b><span style=\\\"font-size:18pt;font-family:Arial, \'sans-serif\';color:#0070C0;\\\"><\\/span><\\/p><p><\\/p><p class=\\\"MsoNormal\\\" style=\\\"line-height:20.4pt;background-size:initial;\\\"><span style=\\\"font-family:Arial, \'sans-serif\';color:#000000;\\\">All\\r\\nwork is undertaken in accordance with Stork Track terms and conditions. <\\/span><\\/p><p><\\/p><p class=\\\"MsoNormal\\\" style=\\\"line-height:20.4pt;background-size:initial;\\\"><span style=\\\"font-family:Arial, \'sans-serif\';color:#000000;\\\">By\\r\\nmaking any booking with us either online, over the phone, or by e-mail you are\\r\\nexplicitly agreeing to trading terms and conditions. Please be aware that we\\r\\noffer no liability for consequential loss and it is assumed that all goods\\r\\ncarried are securely packaged by you to ensure no damage during transit, have\\r\\nno transferable\\u00a0value and are of low value (less than $100). Liability and\\r\\nrestrictions are as per internet bookings above.<\\/span><\\/p><p><\\/p><p class=\\\"MsoNormal\\\" style=\\\"line-height:20.4pt;background-size:initial;\\\"><span style=\\\"font-family:Arial, \'sans-serif\';color:#000000;\\\">Should\\r\\nwe decline a particular booking once made for any reason, a full refund will be\\r\\nmade to the same card that you made payment on within 7 working days of the\\r\\noriginal order.<\\/span><\\/p><p><\\/p><p class=\\\"MsoNormal\\\" style=\\\"line-height:20.4pt;background-size:initial;\\\"><span style=\\\"font-family:Arial, \'sans-serif\';color:#000000;\\\">A\\r\\nrefund will not be due if we are unable to undertake your booking. For example\\r\\nif we are unable to collect the goods due to an incorrect address, insufficient\\r\\ndetail, or no one to collect the goods from. Should a specific time for\\r\\ncollection be requested we will make best efforts to meet these times including\\r\\nany delivery deadlines. Should we be unable to match any of these, a refund\\r\\nwill not be offered as payment is for the service provided irrespective of the\\r\\ntiming of that service.<\\/span><\\/p><p><\\/p><p class=\\\"MsoNormal\\\" style=\\\"line-height:20.4pt;background-size:initial;\\\"><span style=\\\"font-family:Arial, \'sans-serif\';color:#000000;\\\">Should\\r\\nwe be unable to deliver your consignment we will contact you by phone to ask\\r\\nfor further instructions. If this means we have to deliver to an alternative\\r\\naddress, if the driver has to wait to complete a delivery for more than 10\\r\\nminutes, or if we incur any further operational costs including but not limited\\r\\nto staff costs, supplier costs, tolls, fees, time or mileage, we reserve the\\r\\nright to levy further charges to your original card in line with our standard\\r\\nrates for this work. Surcharges apply for any work undertaken outside of normal\\r\\nworking hours (08:00 to 18:00 Monday to Friday inclusive excluding bank\\r\\nholidays).<\\/span><\\/p><p><\\/p><p class=\\\"MsoNormal\\\" style=\\\"line-height:20.4pt;background-size:initial;\\\"><span style=\\\"font-family:Arial, \'sans-serif\';color:#000000;\\\">For\\r\\nany case a delivery can not be made and we have no special instructions to\\r\\nleave safely or to post we will return the goods to our operations centre for\\r\\nsecurity and safety. We would not attempt a re-delivery until we have contacted\\r\\nyou to agree new delivery instructions and process the payment for the\\r\\nadditional costs incurred at agreed standard charge. Should we be unable to\\r\\ncontact we will hold the goods safely for a period of 14 days. At this time we\\r\\nwill endeavour to contact you a final time before we destroy or dispose of the\\r\\ngoods. Under these circumstances we will be unable to offer any\\u00a0compensation\\r\\nfor the goods, any consequential loss, or any refund for the original service\\r\\nwe provided.<\\/span><\\/p><p><\\/p><p class=\\\"MsoNormal\\\" style=\\\"line-height:20.4pt;background-size:initial;\\\"><span style=\\\"font-family:Arial, \'sans-serif\';color:#000000;\\\">Stork\\r\\nTrack will not offer any refunds and accepts no liability resulting from the\\r\\ntheft or misuse of your card, your card details, or any other personal\\r\\ninformation which we may be privy to during or after the service is ordered or\\r\\nsupplied.<\\/span><\\/p><p><\\/p><p class=\\\"MsoNormal\\\" style=\\\"line-height:20.4pt;background-size:initial;\\\"><span style=\\\"font-family:Arial, \'sans-serif\';color:#000000;\\\">VAT\\r\\nis charged at the government specified prevailing rate.<\\/span><\\/p><p><\\/p><p class=\\\"MsoNormal\\\" style=\\\"line-height:20.4pt;background-size:initial;\\\"><span style=\\\"font-family:Arial, \'sans-serif\';color:#999999;\\\">\\u00a0<\\/span><\\/p><p class=\\\"MsoNormal\\\" style=\\\"line-height:20.4pt;background-size:initial;\\\">\\r\\n\\r\\n\\r\\n\\r\\n\\r\\n\\r\\n\\r\\n\\r\\n\\r\\n\\r\\n\\r\\n\\r\\n\\r\\n\\r\\n\\r\\n\\r\\n\\r\\n\\r\\n\\r\\n\\r\\n\\r\\n\\r\\n\\r\\n\\r\\n\\r\\n\\r\\n\\r\\n\\r\\n\\r\\n\\r\\n\\r\\n\\r\\n\\r\\n\\r\\n\\r\\n\\r\\n\\r\\n\\r\\n\\r\\n\\r\\n\\r\\n\\r\\n\\r\\n\\r\\n\\r\\n\\r\\n\\r\\n\\r\\n\\r\\n\\r\\n\\r\\n\\r\\n\\r\\n\\r\\n\\r\\n\\r\\n\\r\\n\\r\\n\\r\\n\\r\\n\\r\\n\\r\\n\\r\\n\\r\\n\\r\\n\\r\\n\\r\\n\\r\\n\\r\\n\\r\\n\\r\\n\\r\\n\\r\\n\\r\\n\\r\\n\\r\\n\\r\\n\\r\\n\\r\\n\\r\\n<\\/p><p class=\\\"MsoNormal\\\"><span style=\\\"font-family:Arial, \'sans-serif\';\\\">\\u00a0<\\/span><\\/p><\\/div>\"}', '2021-07-06 09:00:08', '2022-10-25 23:37:47'),
(96, 'footer.element', '{\"menu\":\"Terms of Service\",\"description\":\"<div class=\\\"mb-5\\\" style=\\\"margin-bottom:3rem;color:rgb(111,111,111);font-family:Nunito, sans-serif;\\\"><h3 class=\\\"mb-3\\\" style=\\\"font-weight:600;line-height:1.3;font-size:24px;color:rgb(54,54,54);font-family:Exo, sans-serif;\\\"><\\/h3><p style=\\\"margin:0in 0in 15pt;background-size:initial;\\\"><span style=\\\"font-size:18pt;font-family:Arial, \'sans-serif\';color:#0070C0;\\\">Agreement to Terms<\\/span><span style=\\\"font-size:11pt;font-family:Arial, \'sans-serif\';color:#000000;\\\"><br \\/>\\r\\nIn tendering the shipment to US which no agent or employee of Stork Track may\\r\\nalter. Shipper also agrees to these terms and conditions on behalf of any third\\r\\nparty with an interest in the shipment. Waybills may be prepared by the Shipper\\r\\nor by Stork Track with the Shipper\\u2019s authority and on its behalf.<\\/span><\\/p><p><\\/p>\\r\\n\\r\\n<p style=\\\"margin:15pt 0in;background-size:initial;\\\"><span style=\\\"font-size:18pt;font-family:Arial, \'sans-serif\';color:#0070C0;\\\">Services<\\/span><span style=\\\"font-size:11pt;font-family:Arial, \'sans-serif\';color:#000000;\\\"><br \\/>\\r\\nStork Track will provide transportation services as requested by Shipper and\\r\\nwill arrange for air and surface transportation as required. Stork Track\\r\\nreserves the right to use agents or other third parties to fulfill these\\r\\nservices.<\\/span><\\/p><p><\\/p>\\r\\n\\r\\n<p style=\\\"margin:15pt 0in;background-size:initial;\\\"><span style=\\\"font-size:18pt;font-family:Arial, \'sans-serif\';color:#0070C0;\\\">Payment for Services<\\/span><span style=\\\"font-size:11pt;font-family:Arial, \'sans-serif\';color:#000000;\\\"><br \\/>\\r\\nPayment is due net 30 days when the Shipper has an established account, for\\r\\nthose without an account payment by credit card is expected at time of request\\r\\n. Shipper must have established an account with Stork Track prior to pick-up.\\r\\nShipment fees will be charged based on the greater of actual weight or\\r\\ndimensional weight (defined as length times width times height of the outside\\r\\nof the package, divided by 184, i.e., DIM weight). Rates and quotes provided by\\r\\nStork Track employees and agents are based upon information provided by\\r\\nShipper. Final rates may vary based upon actual shipment size, weight and\\r\\nservices rendered. Shipper will always be primarily responsible for shipping\\r\\ncosts, despite any alternate payment instructions, as well as any cost incurred\\r\\nin either returning the shipment or warehousing it pending disposition.<\\/span><\\/p><p><\\/p>\\r\\n\\r\\n<p style=\\\"margin:15pt 0in;background-size:initial;\\\"><span style=\\\"font-size:18pt;font-family:Arial, \'sans-serif\';color:#0070C0;\\\">Shipment Weight and Inspection.<\\/span><span style=\\\"font-size:11pt;font-family:Arial, \'sans-serif\';color:#000000;\\\"><br \\/>\\r\\nAll shipments tendered to Stork Track are subject to re-weighing and\\r\\nrecalculation of charges based upon such re-weighing. Increments over one pound\\r\\nare rounded to the next pound. All shipments are subject to inspection by Stork\\r\\nTrack or government officials at its discretion without notice.<\\/span><\\/p><p><\\/p>\\r\\n\\r\\n<p style=\\\"margin:15pt 0in;background-size:initial;\\\"><span style=\\\"font-size:18pt;font-family:Arial, \'sans-serif\';color:#0070C0;\\\">Shipper\\u2019s Responsibility<\\/span><span style=\\\"font-size:11pt;font-family:Arial, \'sans-serif\';color:#000000;\\\"><br \\/>\\r\\nShipper is responsible for adequately preparing, marking, packing, labeling and\\r\\nproperly describing the contents of the shipment so as to ensure safe\\r\\ntransportation with ordinary handling. Shipper must comply with all applicable\\r\\nlocal, state and federal laws, including those governing packing, marking and\\r\\nlabeling for all shipments. Shipper is responsible for any errors in completing\\r\\nthe Waybill that may result in additional billing, including, but not limited\\r\\nto incorrect addresses, incorrect weight information and incorrect pick-up or\\r\\ndelivery times. If Shipper communicates to Stork Track that no delivery signature\\r\\nby recipient is required, Stork Track shall not be responsible for any loss\\r\\nthat occurs after the delivery of the shipment.<\\/span><\\/p><p><\\/p>\\r\\n\\r\\n<p style=\\\"margin:15pt 0in;background-size:initial;\\\"><span style=\\\"font-size:18pt;font-family:Arial, \'sans-serif\';color:#0070C0;\\\">Right of Refusal<\\/span><span style=\\\"font-size:11pt;font-family:Arial, \'sans-serif\';color:#000000;\\\"><br \\/>\\r\\nStork Track reserves the right to refuse or reject any shipment and may do so\\r\\nin its sole discretion and without liability. Stork Track may exercise this\\r\\nright at any time, and includes situations (among others) when a shipment may\\r\\ncause damage to or delay other shipments, property or personnel; is likely to\\r\\nsustain damage or loss in transit due to improper packaging; contains\\r\\nprohibited items; the account of Shipper is not in good standing; or when\\r\\nacceptance of a shipment may jeopardize Stork Track\\u2019 ability to provide service\\r\\nto other customers.<\\/span><\\/p><p><\\/p>\\r\\n\\r\\n<p style=\\\"margin:15pt 0in;background-size:initial;\\\"><span style=\\\"font-size:18pt;font-family:Arial, \'sans-serif\';color:#0070C0;\\\">Undeliverable Shipments<br \\/>\\r\\n<\\/span><span style=\\\"font-size:11pt;font-family:Arial, \'sans-serif\';color:#000000;\\\">Stork Track will hold undeliverable shipments and will notify\\r\\nShipper. If Shipper cannot be notified, the shipment will be held for 30 days\\r\\nafter the attempted delivery date. After 30 days, the shipment will be disposed\\r\\nof at Stork Track\\u2019 discretion. Shipper will be responsible for all\\r\\ntransportation, delivery attempts, storage and disposal charges.<\\/span><\\/p><p><\\/p>\\r\\n\\r\\n<p style=\\\"margin:15pt 0in;background-size:initial;\\\"><span style=\\\"font-size:18pt;font-family:Arial, \'sans-serif\';color:#0070C0;\\\">Special Arrangement Required<\\/span><span style=\\\"font-size:11pt;font-family:Arial, \'sans-serif\';color:#000000;\\\"><br \\/>\\r\\nShipments weighing in excess of 70 pounds and\\/or shipments of which the sum of\\r\\nthe greatest outside length plus the greatest outside height plus the greatest\\r\\noutside width (i.e., DIM weight) exceeds 90 inches may not be acceptable for\\r\\nshipment. Contact Stork Track Customer Service to make special arrangements for\\r\\nlarge shipments<\\/span><\\/p><p><\\/p>\\r\\n\\r\\n<p style=\\\"margin:15pt 0in;background-size:initial;\\\"><span style=\\\"font-size:11pt;font-family:Arial, \'sans-serif\';color:#000000;\\\">Hazardous Materials \\/ Dangerous Goods (hereinafter \\u201cHM\\/DG\\u201d,\\r\\ndefined domestically under FAA guidelines and defined internationally under\\r\\nICAO guidelines) may not be shipped. Although Stork Track is certified to\\r\\ntransport certain HM\\/DG shipments, certain restrictions do apply. Contact Stork\\r\\nTrack Customer Service to make special arrangements to ship HM\\/DG.<\\/span><\\/p><p><\\/p>\\r\\n\\r\\n<p style=\\\"margin:15pt 0in;background-size:initial;\\\"><span style=\\\"font-size:18pt;font-family:Arial, \'sans-serif\';color:#0070C0;\\\">Limitation on Liability and Liabilities Not Assumed<\\/span><span style=\\\"font-size:11pt;font-family:Arial, \'sans-serif\';color:#000000;\\\"><br \\/>\\r\\nUnless Shipper declares a higher shipment valuation and pays an additional fee,\\r\\nStork Track\\u2019 liability for any loss, damage or delay to, or involving, a\\r\\ndomestic shipment (which shall include all documents or packages consigned to\\r\\nStork Track under a single Waybill) is limited to the lesser of $100.00 (U.S.)\\r\\nor the actual value of the shipment. Stork Track reserves the right to use\\r\\nother aircraft providers and subcontractors in the transportation of Shipper\\u2019s\\r\\nshipment. Any exclusion or limitation of liability applicable to Stork Track\\r\\nshall apply to Stork Track\\u2019 agents, subcontractors and employees and to any\\r\\nperson whose aircraft or equipment is used in the transportation of the\\r\\nshipment.<br \\/>\\r\\nStork Track shall not be liable for loss, damage, delay or other result caused\\r\\nby any circumstances beyond the control of Stork Track, including, but not\\r\\nlimited to, weather, governmental action, mechanical delays, acts of God,\\r\\nstrikes or labor disturbances, civil commotion, war, terrorism, fuel shortages,\\r\\nany act or default of Shipper or consignee, inherent vice or defect of the\\r\\nshipment, or violation by Shipper or consignee of any of these Terms and\\r\\nConditions.<\\/span><\\/p><p><\\/p>\\r\\n\\r\\n<p style=\\\"margin:15pt 0in;background-size:initial;\\\"><span style=\\\"font-size:11pt;font-family:Arial, \'sans-serif\';color:#0070C0;\\\">\\u201c<\\/span><span style=\\\"font-size:11pt;font-family:Arial, \'sans-serif\';color:#000000;\\\">STORK TRACK WILL NOT BE LIABLE IN ANY EVENT FOR ANY SPECIAL, INCIDENTAL\\r\\nPUNITIVE OR CONSEQUENTIAL DAMAGES, INCLUDING BUT NOT LIMITED TO, LOSS OF\\r\\nPROFITS OR LOSS OF INCOME, WHETHER OR NOT STORK TRACK HAD KNOWLEDGE THAT SUCH\\r\\nDAMAGES MIGHT BE INCURRED<\\/span><span style=\\\"font-size:11pt;font-family:Arial, \'sans-serif\';color:#0070C0;\\\">\\u201d<\\/span><span style=\\\"font-size:11pt;font-family:Arial, \'sans-serif\';color:#000000;\\\"><\\/span><\\/p><p><\\/p>\\r\\n\\r\\n<p style=\\\"margin:15pt 0in;background-size:initial;\\\"><span style=\\\"font-size:18pt;font-family:Arial, \'sans-serif\';color:#0070C0;\\\">Declared Value Limits.<\\/span><span style=\\\"font-size:11pt;font-family:Arial, \'sans-serif\';color:#000000;\\\"><br \\/>\\r\\nShipper may elect to declare a higher valuation for loss or damage purposes\\r\\n(other than damage caused by delay) by designating the amount in the Declared\\r\\nValue space to a USA Courier Customer Service representative and paying an\\r\\nadditional fee for each additional $1000 of declared value (currently $10.00\\r\\nper $1000). Declared values for items of extraordinary value cannot exceed $500\\r\\nwithout approval. Items of extraordinary value include shipments containing\\r\\nsuch items as artwork, jewelry, furs, film, precious metals, negotiable\\r\\ninstruments or other unique one of a kind items. For all other shipments, the\\r\\ndeclared value may not exceed $10,000. Any declared value in excess of $10,000\\r\\nmust be pre-approved by Stork Track prior to shipment. Arrangements for\\r\\ndeclaring values in excess of $10,000 can be made by calling Stork Track\\r\\nCustomer Service at 800-450-4872. In the event Shipper should declare a higher\\r\\nshipment valuation as permitted hereunder, Stork Track\\u2019 maximum liability shall\\r\\nbe the value so declared or the actual value of the shipment, whichever is less.\\r\\nShipper is responsible for proving the actual loss or damage.<\\/span><\\/p><p><\\/p>\\r\\n\\r\\n<p style=\\\"margin:15pt 0in;background-size:initial;\\\"><span style=\\\"font-size:11pt;font-family:Arial, \'sans-serif\';color:#000000;\\\">Claims.<br \\/>\\r\\nAll Claims for lost or damaged shipments must be made in Email and received by\\r\\nStork Track at its Email Customercare@storktrack.com within 5 days after the\\r\\ndate of acceptance of the shipment from Stork Track. Any damaged shipment and\\r\\nits original packing material must be made available to Stork Track for\\r\\ninspection at the delivery location shown on the Waybill. Stork Track is not\\r\\nobligated to act on any claim until Shipper has paid all charges related to\\r\\nsuch shipment. The amount claimed cannot be deducted from outstanding charges\\r\\nrelated to shipments transported under this or any other Waybill. Shipper is\\r\\nresponsible for providing adequate documentation to support the actual or declared\\r\\nvalue of the loss.<\\/span><\\/p><p><\\/p><\\/div>\"}', '2021-07-06 09:02:49', '2022-10-25 23:42:02'),
(97, 'client.element', '{\"name\":\"Alex Branda\",\"designation\":\"Merchant\",\"rating\":\"5\",\"testimonial\":\"Quas, illo. A commodi officia, eos, laborum expedita aliquid culpa ipsa neque dignissimos tempore id sed iste odit optio natus deleniti assumenda qui labore totam nam? Impedit, doloribus odit. Quo?\",\"has_image\":\"1\",\"client_image\":\"60ec269d8fe501626089117.png\"}', '2021-07-12 15:25:17', '2021-07-12 15:25:17'),
(98, 'client.element', '{\"name\":\"Carlos Rabanda\",\"designation\":\"Business Owner\",\"rating\":\"5\",\"testimonial\":\"Quas, illo. A commodi officia, eos, laborum expedita aliquid culpa ipsa neque dignissimos tempore id sed iste odit optio natus deleniti assumenda qui labore totam nam? Impedit, doloribus odit. Quo?\",\"has_image\":\"1\",\"client_image\":\"60ec26eb55ab11626089195.jpg\"}', '2021-07-12 15:26:35', '2021-07-12 15:26:35'),
(99, 'blog.element', '{\"has_image\":[\"1\"],\"title\":\"Praesentium at nobis unde quis aut quaerat autem libero in consequuntur recusandae provident\",\"description_nic\":\"<div class=\\\"post__header\\\" style=\\\"margin-bottom:45px;color:rgb(85,85,85);font-family:Nunito, sans-serif;\\\"><p style=\\\"margin-top:-8px;margin-bottom:30px;\\\">Asperiores nisi voluptates enim numquam vel recusandae consequatur libero, laboriosam possimus hic officiis voluptatum reprehenderit placeat voluptatibus aspernatur tempore quisquam tempora eius incidunt dignissimos maxime praesentium veniam. Veniam, sapiente.<\\/p><p style=\\\"margin-top:-8px;margin-bottom:30px;\\\">Vitae optio minima nulla iusto, praesentium, natus exercitationem maiores qui temporibus consequatur, fuga repudiandae. Rem mollitia suscipit blanditiis, at porro recusandae vitae.<\\/p><\\/div><blockquote class=\\\"post__quote\\\" style=\\\"margin-bottom:30px;font-size:22px;line-height:1.5;font-family:Nunito, sans-serif;color:rgb(25,42,86);font-style:italic;text-align:center;padding:0px 30px;border-left:3px solid rgb(30,144,255);\\\">\\u201c Works together with striker consulting firms active in USA. Globally we work with more than 150 leading consulting firms and with a select number of partners. \\u201d<\\/blockquote><p style=\\\"margin-top:-8px;margin-bottom:30px;color:rgb(85,85,85);font-family:Nunito, sans-serif;font-size:16px;\\\">Architecto quis nobis repudiandae porro perferendis quisquam, ut exercitationem quae aliquid eveniet. Recusandae officia alias sapiente ullam quae veniam optio exercitationem incidunt nisi totam reiciendis expedita harum vel debitis ad quam ut rem porro ratione voluptatem quod, laboriosam ducimus magni. Molestias, distinctio!<\\/p><p style=\\\"margin-top:-8px;margin-bottom:30px;color:rgb(85,85,85);font-family:Nunito, sans-serif;font-size:16px;\\\">Explicabo nobis dolorum, voluptates provident quasi harum optio nesciunt est accusantium eos soluta fugit illo vitae error numquam, sit ipsa quas nihil.<\\/p>\",\"blog_image\":\"60dc37d9a41691625044953.jpg\"}', '2020-10-28 00:57:19', '2021-06-30 08:52:33'),
(100, 'blog.element', '{\"has_image\":[\"1\"],\"title\":\"Nobis unde quis aut quaerat autem libero in consequuntur recusandae provident Praesentium at\",\"description_nic\":\"<div class=\\\"post__header\\\" style=\\\"margin-bottom:45px;color:rgb(85,85,85);font-family:Nunito, sans-serif;\\\"><p style=\\\"margin-top:-8px;margin-bottom:30px;\\\">Asperiores nisi voluptates enim numquam vel recusandae consequatur libero, laboriosam possimus hic officiis voluptatum reprehenderit placeat voluptatibus aspernatur tempore quisquam tempora eius incidunt dignissimos maxime praesentium veniam. Veniam, sapiente.<\\/p><p style=\\\"margin-top:-8px;margin-bottom:30px;\\\">Vitae optio minima nulla iusto, praesentium, natus exercitationem maiores qui temporibus consequatur, fuga repudiandae. Rem mollitia suscipit blanditiis, at porro recusandae vitae.<\\/p><\\/div><blockquote class=\\\"post__quote\\\" style=\\\"margin-bottom:30px;font-size:22px;line-height:1.5;font-family:Nunito, sans-serif;color:rgb(25,42,86);font-style:italic;text-align:center;padding:0px 30px;border-left:3px solid rgb(30,144,255);\\\">\\u201c Works together with striker consulting firms active in USA. Globally we work with more than 150 leading consulting firms and with a select number of partners. \\u201d<\\/blockquote><p style=\\\"margin-top:-8px;margin-bottom:30px;color:rgb(85,85,85);font-family:Nunito, sans-serif;font-size:16px;\\\">Architecto quis nobis repudiandae porro perferendis quisquam, ut exercitationem quae aliquid eveniet. Recusandae officia alias sapiente ullam quae veniam optio exercitationem incidunt nisi totam reiciendis expedita harum vel debitis ad quam ut rem porro ratione voluptatem quod, laboriosam ducimus magni. Molestias, distinctio!<\\/p><p style=\\\"margin-top:-8px;margin-bottom:30px;color:rgb(85,85,85);font-family:Nunito, sans-serif;font-size:16px;\\\">Explicabo nobis dolorum, voluptates provident quasi harum optio nesciunt est accusantium eos soluta fugit illo vitae error numquam, sit ipsa quas nihil.<\\/p>\",\"blog_image\":\"60dc3808aaf1f1625045000.jpg\"}', '2020-10-31 00:39:05', '2021-06-30 08:53:20');

-- --------------------------------------------------------

--
-- Table structure for table `general_settings`
--

CREATE TABLE `general_settings` (
  `id` bigint(20) UNSIGNED NOT NULL,
  `sitename` varchar(40) COLLATE utf8mb4_unicode_ci DEFAULT NULL,
  `cur_text` varchar(40) COLLATE utf8mb4_unicode_ci DEFAULT NULL COMMENT 'currency text',
  `cur_sym` varchar(40) COLLATE utf8mb4_unicode_ci DEFAULT NULL COMMENT 'currency symbol',
  `email_from` varchar(40) COLLATE utf8mb4_unicode_ci DEFAULT NULL,
  `email_template` text COLLATE utf8mb4_unicode_ci DEFAULT NULL,
  `sms_api` varchar(255) COLLATE utf8mb4_unicode_ci DEFAULT NULL,
  `base_color` varchar(40) COLLATE utf8mb4_unicode_ci DEFAULT NULL,
  `mail_config` text COLLATE utf8mb4_unicode_ci DEFAULT NULL COMMENT 'email configuration',
  `sms_config` text COLLATE utf8mb4_unicode_ci DEFAULT NULL,
  `en` tinyint(1) NOT NULL DEFAULT 0 COMMENT 'email notification, 0 - dont send, 1 - send',
  `sn` tinyint(1) NOT NULL DEFAULT 0 COMMENT 'sms notification, 0 - dont send, 1 - send',
  `force_ssl` tinyint(1) NOT NULL DEFAULT 0,
  `active_template` varchar(40) COLLATE utf8mb4_unicode_ci DEFAULT NULL,
  `sys_version` text COLLATE utf8mb4_unicode_ci DEFAULT NULL,
  `created_at` timestamp NULL DEFAULT NULL,
  `updated_at` timestamp NULL DEFAULT NULL
) ENGINE=InnoDB DEFAULT CHARSET=utf8mb4 COLLATE=utf8mb4_unicode_ci;

--
-- Dumping data for table `general_settings`
--

INSERT INTO `general_settings` (`id`, `sitename`, `cur_text`, `cur_sym`, `email_from`, `email_template`, `sms_api`, `base_color`, `mail_config`, `sms_config`, `en`, `sn`, `force_ssl`, `active_template`, `sys_version`, `created_at`, `updated_at`) VALUES
(1, 'Courierlab', 'USD', '$', 'do-not-reply@viserlab.com', '<meta http-equiv=\"Content-Type\" content=\"text/html; charset=utf-8\">\r\n  <!--[if !mso]><!-->\r\n  <meta http-equiv=\"X-UA-Compatible\" content=\"IE=edge\">\r\n  <!--<![endif]-->\r\n  <meta name=\"viewport\" content=\"width=device-width, initial-scale=1.0\">\r\n  <title></title>\r\n  <style type=\"text/css\">\r\n.ReadMsgBody { width: 100%; background-color: #ffffff; }\r\n.ExternalClass { width: 100%; background-color: #ffffff; }\r\n.ExternalClass, .ExternalClass p, .ExternalClass span, .ExternalClass font, .ExternalClass td, .ExternalClass div { line-height: 100%; }\r\nhtml { width: 100%; }\r\nbody { -webkit-text-size-adjust: none; -ms-text-size-adjust: none; margin: 0; padding: 0; }\r\ntable { border-spacing: 0; table-layout: fixed; margin: 0 auto;border-collapse: collapse; }\r\ntable table table { table-layout: auto; }\r\n.yshortcuts a { border-bottom: none !important; }\r\nimg:hover { opacity: 0.9 !important; }\r\na { color: #0087ff; text-decoration: none; }\r\n.textbutton a { font-family: \'open sans\', arial, sans-serif !important;}\r\n.btn-link a { color:#FFFFFF !important;}\r\n\r\n@media only screen and (max-width: 480px) {\r\nbody { width: auto !important; }\r\n*[class=\"table-inner\"] { width: 90% !important; text-align: center !important; }\r\n*[class=\"table-full\"] { width: 100% !important; text-align: center !important; }\r\n/* image */\r\nimg[class=\"img1\"] { width: 100% !important; height: auto !important; }\r\n}\r\n</style>\r\n\r\n\r\n\r\n  <table bgcolor=\"#414a51\" width=\"100%\" border=\"0\" align=\"center\" cellpadding=\"0\" cellspacing=\"0\">\r\n    <tbody><tr>\r\n      <td height=\"50\"></td>\r\n    </tr>\r\n    <tr>\r\n      <td align=\"center\" style=\"text-align:center;vertical-align:top;font-size:0;\">\r\n        <table align=\"center\" border=\"0\" cellpadding=\"0\" cellspacing=\"0\">\r\n          <tbody><tr>\r\n            <td align=\"center\" width=\"600\">\r\n              <!--header-->\r\n              <table class=\"table-inner\" width=\"95%\" border=\"0\" align=\"center\" cellpadding=\"0\" cellspacing=\"0\">\r\n                <tbody><tr>\r\n                  <td bgcolor=\"#0087ff\" style=\"border-top-left-radius:6px; border-top-right-radius:6px;text-align:center;vertical-align:top;font-size:0;\" align=\"center\">\r\n                    <table width=\"90%\" border=\"0\" align=\"center\" cellpadding=\"0\" cellspacing=\"0\">\r\n                      <tbody><tr>\r\n                        <td height=\"20\"></td>\r\n                      </tr>\r\n                      <tr>\r\n                        <td align=\"center\" style=\"font-family: \'Open sans\', Arial, sans-serif; color:#FFFFFF; font-size:16px; font-weight: bold;\">This is a System Generated Email</td>\r\n                      </tr>\r\n                      <tr>\r\n                        <td height=\"20\"></td>\r\n                      </tr>\r\n                    </tbody></table>\r\n                  </td>\r\n                </tr>\r\n              </tbody></table>\r\n              <!--end header-->\r\n              <table class=\"table-inner\" width=\"95%\" border=\"0\" cellspacing=\"0\" cellpadding=\"0\">\r\n                <tbody><tr>\r\n                  <td bgcolor=\"#FFFFFF\" align=\"center\" style=\"text-align:center;vertical-align:top;font-size:0;\">\r\n                    <table align=\"center\" width=\"90%\" border=\"0\" cellspacing=\"0\" cellpadding=\"0\">\r\n                      <tbody><tr>\r\n                        <td height=\"35\"></td>\r\n                      </tr>\r\n                      <!--logo-->\r\n                      <tr>\r\n                        <td align=\"center\" style=\"vertical-align:top;font-size:0;\">\r\n                          <a href=\"#\">\r\n                            <img style=\"display:block; line-height:0px; font-size:0px; border:0px;\" src=\"https://i.imgur.com/Z1qtvtV.png\" alt=\"img\">\r\n                          </a>\r\n                        </td>\r\n                      </tr>\r\n                      <!--end logo-->\r\n                      <tr>\r\n                        <td height=\"40\"></td>\r\n                      </tr>\r\n                      <!--headline-->\r\n                      <tr>\r\n                        <td align=\"center\" style=\"font-family: \'Open Sans\', Arial, sans-serif; font-size: 22px;color:#414a51;font-weight: bold;\">Hello {{fullname}} ({{username}})</td>\r\n                      </tr>\r\n                      <!--end headline-->\r\n                      <tr>\r\n                        <td align=\"center\" style=\"text-align:center;vertical-align:top;font-size:0;\">\r\n                          <table width=\"40\" border=\"0\" align=\"center\" cellpadding=\"0\" cellspacing=\"0\">\r\n                            <tbody><tr>\r\n                              <td height=\"20\" style=\" border-bottom:3px solid #0087ff;\"></td>\r\n                            </tr>\r\n                          </tbody></table>\r\n                        </td>\r\n                      </tr>\r\n                      <tr>\r\n                        <td height=\"20\"></td>\r\n                      </tr>\r\n                      <!--content-->\r\n                      <tr>\r\n                        <td align=\"left\" style=\"font-family: \'Open sans\', Arial, sans-serif; color:#7f8c8d; font-size:16px; line-height: 28px;\">{{message}}</td>\r\n                      </tr>\r\n                      <!--end content-->\r\n                      <tr>\r\n                        <td height=\"40\"></td>\r\n                      </tr>\r\n              \r\n                    </tbody></table>\r\n                  </td>\r\n                </tr>\r\n                <tr>\r\n                  <td height=\"45\" align=\"center\" bgcolor=\"#f4f4f4\" style=\"border-bottom-left-radius:6px;border-bottom-right-radius:6px;\">\r\n                    <table align=\"center\" width=\"90%\" border=\"0\" cellspacing=\"0\" cellpadding=\"0\">\r\n                      <tbody><tr>\r\n                        <td height=\"10\"></td>\r\n                      </tr>\r\n                      <!--preference-->\r\n                      <tr>\r\n                        <td class=\"preference-link\" align=\"center\" style=\"font-family: \'Open sans\', Arial, sans-serif; color:#95a5a6; font-size:14px;\">\r\n                          © 2021 <a href=\"#\">Website Name</a> . All Rights Reserved. \r\n                        </td>\r\n                      </tr>\r\n                      <!--end preference-->\r\n                      <tr>\r\n                        <td height=\"10\"></td>\r\n                      </tr>\r\n                    </tbody></table>\r\n                  </td>\r\n                </tr>\r\n              </tbody></table>\r\n            </td>\r\n          </tr>\r\n        </tbody></table>\r\n      </td>\r\n    </tr>\r\n    <tr>\r\n      <td height=\"60\"></td>\r\n    </tr>\r\n  </tbody></table>', 'hi {{name}}, {{message}}', '1e90ff', '{\"name\":\"php\"}', '{\"clickatell_api_key\":\"----------------------------\",\"infobip_username\":\"--------------\",\"infobip_password\":\"----------------------\",\"message_bird_api_key\":\"-------------------\",\"account_sid\":\"AC67afdacf2dacff5f163134883db92c24\",\"auth_token\":\"77726b242830fb28f52fb08c648dd7a6\",\"from\":\"+17739011523\",\"apiv2_key\":\"dfsfgdfgh\",\"name\":\"clickatell\"}', 1, 0, 0, 'basic', NULL, NULL, '2021-07-08 07:20:57');

-- --------------------------------------------------------

--
-- Table structure for table `languages`
--

CREATE TABLE `languages` (
  `id` bigint(20) UNSIGNED NOT NULL,
  `name` varchar(40) COLLATE utf8mb4_unicode_ci NOT NULL,
  `code` varchar(40) COLLATE utf8mb4_unicode_ci NOT NULL,
  `icon` varchar(255) COLLATE utf8mb4_unicode_ci DEFAULT NULL,
  `text_align` tinyint(1) NOT NULL DEFAULT 0 COMMENT '0: left to right text align, 1: right to left text align',
  `is_default` tinyint(1) NOT NULL DEFAULT 0 COMMENT '0: not default language, 1: default language',
  `created_at` timestamp NULL DEFAULT NULL,
  `updated_at` timestamp NULL DEFAULT NULL
) ENGINE=InnoDB DEFAULT CHARSET=utf8mb4 COLLATE=utf8mb4_unicode_ci;

--
-- Dumping data for table `languages`
--

INSERT INTO `languages` (`id`, `name`, `code`, `icon`, `text_align`, `is_default`, `created_at`, `updated_at`) VALUES
(1, 'English', 'en', '5f15968db08911595250317.png', 0, 0, '2020-07-06 03:47:55', '2021-05-18 05:37:23'),
(10, 'Spanish', 'es', NULL, 0, 0, '2021-07-07 05:36:52', '2021-07-07 05:36:52');

-- --------------------------------------------------------

--
-- Table structure for table `migrations`
--

CREATE TABLE `migrations` (
  `id` bigint(20) UNSIGNED NOT NULL,
  `migration` varchar(255) COLLATE utf8mb4_unicode_ci NOT NULL,
  `batch` int(10) NOT NULL
) ENGINE=InnoDB DEFAULT CHARSET=utf8mb4 COLLATE=utf8mb4_unicode_ci;

-- --------------------------------------------------------

--
-- Table structure for table `pages`
--

CREATE TABLE `pages` (
  `id` bigint(20) UNSIGNED NOT NULL,
  `name` varchar(40) COLLATE utf8mb4_unicode_ci DEFAULT NULL,
  `slug` varchar(40) COLLATE utf8mb4_unicode_ci DEFAULT NULL,
  `tempname` varchar(40) COLLATE utf8mb4_unicode_ci DEFAULT NULL COMMENT 'template name',
  `secs` text COLLATE utf8mb4_unicode_ci DEFAULT NULL,
  `is_default` tinyint(1) NOT NULL DEFAULT 0,
  `created_at` timestamp NULL DEFAULT NULL,
  `updated_at` timestamp NULL DEFAULT NULL
) ENGINE=InnoDB DEFAULT CHARSET=utf8mb4 COLLATE=utf8mb4_unicode_ci;

--
-- Dumping data for table `pages`
--

INSERT INTO `pages` (`id`, `name`, `slug`, `tempname`, `secs`, `is_default`, `created_at`, `updated_at`) VALUES
(1, 'HOME', 'home', 'templates.basic.', '[\"feature\",\"about\",\"service\",\"team\",\"counter\",\"faq\",\"client\",\"blog\",\"branch\",\"partner\"]', 1, '2020-07-11 06:23:58', '2021-07-03 04:43:56'),
(2, 'About', 'about-us', 'templates.basic.', '[\"about\",\"branch\",\"team\"]', 0, '2020-07-11 06:35:35', '2021-07-07 05:43:27'),
(4, 'Team', 'team', 'templates.basic.', '[\"feature\",\"team\"]', 0, '2020-10-22 01:14:43', '2021-07-07 05:43:57'),
(5, 'Service', 'service', 'templates.basic.', '[\"faq\",\"service\",\"partner\"]', 0, '2020-10-22 01:14:53', '2021-07-07 05:45:17'),
(12, 'FAQ', 'faq', 'templates.basic.', '[\"faq\",\"branch\",\"partner\"]', 0, '2021-07-06 08:43:37', '2021-07-07 05:45:45'),
(13, 'Blog', 'blog', 'templates.basic.', NULL, 1, '2021-07-06 08:43:50', '2021-07-06 08:43:50'),
(14, 'Contact', 'contact', 'templates.basic.', NULL, 1, '2021-07-06 08:44:28', '2021-07-06 08:44:28'),
(15, 'HOME', 'home', 'templates..', NULL, 0, '2022-10-21 02:00:28', '2022-10-21 02:00:28');

-- --------------------------------------------------------

--
-- Table structure for table `password_resets`
--

CREATE TABLE `password_resets` (
  `email` varchar(40) COLLATE utf8mb4_unicode_ci NOT NULL,
  `token` varchar(40) COLLATE utf8mb4_unicode_ci NOT NULL,
  `created_at` timestamp NULL DEFAULT NULL
) ENGINE=InnoDB DEFAULT CHARSET=utf8mb4 COLLATE=utf8mb4_unicode_ci;

--
-- Dumping data for table `password_resets`
--

INSERT INTO `password_resets` (`email`, `token`, `created_at`) VALUES
('nimrapervaiz1999@gmail.com', '955186', '2022-10-20 05:26:56');

-- --------------------------------------------------------

--
-- Table structure for table `payments`
--

CREATE TABLE `payments` (
  `id` bigint(20) UNSIGNED NOT NULL,
  `created_at` timestamp NULL DEFAULT NULL,
  `updated_at` timestamp NULL DEFAULT NULL
) ENGINE=InnoDB DEFAULT CHARSET=utf8mb4 COLLATE=utf8mb4_unicode_ci;

-- --------------------------------------------------------

--
-- Table structure for table `personal_access_tokens`
--

CREATE TABLE `personal_access_tokens` (
  `id` bigint(20) UNSIGNED NOT NULL,
  `tokenable_type` varchar(255) COLLATE utf8mb4_unicode_ci NOT NULL,
  `tokenable_id` bigint(20) UNSIGNED NOT NULL,
  `name` varchar(255) COLLATE utf8mb4_unicode_ci NOT NULL,
  `token` varchar(64) COLLATE utf8mb4_unicode_ci NOT NULL,
  `abilities` text COLLATE utf8mb4_unicode_ci DEFAULT NULL,
  `last_used_at` timestamp NULL DEFAULT NULL,
  `created_at` timestamp NULL DEFAULT NULL,
  `updated_at` timestamp NULL DEFAULT NULL
) ENGINE=InnoDB DEFAULT CHARSET=utf8mb4 COLLATE=utf8mb4_unicode_ci;

-- --------------------------------------------------------

--
-- Table structure for table `support_attachments`
--

CREATE TABLE `support_attachments` (
  `id` bigint(20) UNSIGNED NOT NULL,
  `support_message_id` int(10) UNSIGNED NOT NULL,
  `attachment` varchar(255) COLLATE utf8mb4_unicode_ci NOT NULL,
  `created_at` timestamp NULL DEFAULT NULL,
  `updated_at` timestamp NULL DEFAULT NULL
) ENGINE=InnoDB DEFAULT CHARSET=utf8mb4 COLLATE=utf8mb4_unicode_ci;

-- --------------------------------------------------------

--
-- Table structure for table `support_messages`
--

CREATE TABLE `support_messages` (
  `id` bigint(20) UNSIGNED NOT NULL,
  `supportticket_id` int(10) UNSIGNED NOT NULL DEFAULT 0,
  `admin_id` int(10) UNSIGNED NOT NULL DEFAULT 0,
  `message` longtext COLLATE utf8mb4_unicode_ci NOT NULL,
  `created_at` timestamp NULL DEFAULT NULL,
  `updated_at` timestamp NULL DEFAULT NULL
) ENGINE=InnoDB DEFAULT CHARSET=utf8mb4 COLLATE=utf8mb4_unicode_ci;

-- --------------------------------------------------------

--
-- Table structure for table `support_tickets`
--

CREATE TABLE `support_tickets` (
  `id` bigint(20) UNSIGNED NOT NULL,
  `user_id` int(10) DEFAULT 0,
  `name` varchar(40) COLLATE utf8mb4_unicode_ci DEFAULT NULL,
  `email` varchar(40) COLLATE utf8mb4_unicode_ci DEFAULT NULL,
  `ticket` varchar(40) COLLATE utf8mb4_unicode_ci DEFAULT NULL,
  `subject` varchar(255) COLLATE utf8mb4_unicode_ci DEFAULT NULL,
  `status` tinyint(1) NOT NULL COMMENT '0: Open, 1: Answered, 2: Replied, 3: Closed',
  `priority` tinyint(1) NOT NULL DEFAULT 0 COMMENT '1 = Low, 2 = medium, 3 = heigh',
  `last_reply` datetime DEFAULT NULL,
  `created_at` timestamp NULL DEFAULT NULL,
  `updated_at` timestamp NULL DEFAULT NULL
) ENGINE=InnoDB DEFAULT CHARSET=utf8mb4 COLLATE=utf8mb4_unicode_ci;

-- --------------------------------------------------------

--
-- Table structure for table `types`
--

CREATE TABLE `types` (
  `id` bigint(20) UNSIGNED NOT NULL,
  `unit_id` int(11) NOT NULL,
  `name` varchar(40) COLLATE utf8mb4_unicode_ci DEFAULT NULL,
  `price` decimal(28,8) NOT NULL DEFAULT 0.00000000,
  `status` tinyint(1) NOT NULL DEFAULT 0 COMMENT 'Active : 1, Inactive: 0',
  `created_at` timestamp NULL DEFAULT NULL,
  `updated_at` timestamp NULL DEFAULT NULL
) ENGINE=InnoDB DEFAULT CHARSET=utf8mb4 COLLATE=utf8mb4_unicode_ci;

--
-- Dumping data for table `types`
--

INSERT INTO `types` (`id`, `unit_id`, `name`, `price`, `status`, `created_at`, `updated_at`) VALUES
(1, 1, 'Standard', '1.00000000', 1, '2022-10-20 09:42:32', '2022-10-20 09:45:06'),
(2, 2, 'Express', '1.00000000', 1, '2022-10-20 09:44:41', '2022-10-20 09:44:41');

-- --------------------------------------------------------

--
-- Table structure for table `units`
--

CREATE TABLE `units` (
  `id` bigint(20) UNSIGNED NOT NULL,
  `name` varchar(40) COLLATE utf8mb4_unicode_ci DEFAULT NULL,
  `status` tinyint(4) NOT NULL DEFAULT 0 COMMENT 'Active : 1, Inactive : 0',
  `created_at` timestamp NULL DEFAULT NULL,
  `updated_at` timestamp NULL DEFAULT NULL
) ENGINE=InnoDB DEFAULT CHARSET=utf8mb4 COLLATE=utf8mb4_unicode_ci;

--
-- Dumping data for table `units`
--

INSERT INTO `units` (`id`, `name`, `status`, `created_at`, `updated_at`) VALUES
(1, 'Standard', 1, '2022-10-20 08:45:53', '2022-10-20 08:45:53'),
(2, 'Express', 1, '2022-10-20 08:46:06', '2022-10-20 08:46:06');

-- --------------------------------------------------------

--
-- Table structure for table `users`
--

CREATE TABLE `users` (
  `id` bigint(20) UNSIGNED NOT NULL,
  `branch_id` int(11) DEFAULT NULL,
  `firstname` varchar(40) COLLATE utf8mb4_unicode_ci DEFAULT NULL,
  `lastname` varchar(40) COLLATE utf8mb4_unicode_ci DEFAULT NULL,
  `username` varchar(40) COLLATE utf8mb4_unicode_ci NOT NULL,
  `email` varchar(40) COLLATE utf8mb4_unicode_ci NOT NULL,
  `mobile` varchar(40) COLLATE utf8mb4_unicode_ci DEFAULT NULL,
  `password` varchar(255) COLLATE utf8mb4_unicode_ci NOT NULL,
  `image` varchar(255) COLLATE utf8mb4_unicode_ci DEFAULT NULL,
  `user_type` varchar(40) COLLATE utf8mb4_unicode_ci DEFAULT NULL,
  `status` tinyint(1) NOT NULL DEFAULT 1 COMMENT '0: banned, 1: active',
  `ver_code` varchar(40) COLLATE utf8mb4_unicode_ci DEFAULT NULL COMMENT 'stores verification code',
  `ver_code_send_at` datetime DEFAULT NULL COMMENT 'verification send time',
  `ts` tinyint(1) NOT NULL DEFAULT 0 COMMENT '0: 2fa off, 1: 2fa on',
  `tv` tinyint(1) NOT NULL DEFAULT 1 COMMENT '0: 2fa unverified, 1: 2fa verified',
  `tsc` varchar(255) COLLATE utf8mb4_unicode_ci DEFAULT NULL,
  `remember_token` varchar(255) COLLATE utf8mb4_unicode_ci DEFAULT NULL,
  `created_at` timestamp NULL DEFAULT NULL,
  `updated_at` timestamp NULL DEFAULT NULL
) ENGINE=InnoDB DEFAULT CHARSET=utf8mb4 COLLATE=utf8mb4_unicode_ci;

--
-- Dumping data for table `users`
--

INSERT INTO `users` (`id`, `branch_id`, `firstname`, `lastname`, `username`, `email`, `mobile`, `password`, `image`, `user_type`, `status`, `ver_code`, `ver_code_send_at`, `ts`, `tv`, `tsc`, `remember_token`, `created_at`, `updated_at`) VALUES
(2, 1, 'Nimi', 'xyz', 'Nimi', 'nimrapervaiz1999@gmail.com', '775987856', 'nimi123', NULL, 'staff', 1, NULL, NULL, 0, 1, NULL, NULL, NULL, NULL),
(3, 1, 'Manager', 'ajksa', 'Nimo', 'chabdulrehmanking06@gmail.com', '932748239423', '$2y$10$.9BITCqBSfhWGPLBj41v/Od20DahuGR.4cBr20Nsrl6wG.aTpr/OW', NULL, 'manager', 1, NULL, NULL, 0, 1, NULL, NULL, '2022-10-20 07:29:16', '2022-10-22 00:56:06'),
(4, 1, 'Lucy', 'Alison', 'LucyAlison', 'LucyAlison@gmail.com', '89872738592', '$2y$10$NlTpPf0h/MUSgzLN/KdrbOOvsr351L8Chi/cOzb3gJOAy8ZGeyeSu', '6353c672f078f1666434674.png', 'staff', 1, NULL, NULL, 0, 1, NULL, NULL, '2022-10-20 08:27:02', '2022-10-22 00:31:15');

-- --------------------------------------------------------

--
-- Table structure for table `user_logins`
--

CREATE TABLE `user_logins` (
  `id` bigint(20) UNSIGNED NOT NULL,
  `user_id` int(10) UNSIGNED NOT NULL DEFAULT 0,
  `user_ip` varchar(40) COLLATE utf8mb4_unicode_ci DEFAULT NULL,
  `city` varchar(40) COLLATE utf8mb4_unicode_ci DEFAULT NULL,
  `country` varchar(40) COLLATE utf8mb4_unicode_ci DEFAULT NULL,
  `country_code` varchar(40) COLLATE utf8mb4_unicode_ci DEFAULT NULL,
  `longitude` varchar(40) COLLATE utf8mb4_unicode_ci DEFAULT NULL,
  `latitude` varchar(40) COLLATE utf8mb4_unicode_ci DEFAULT NULL,
  `browser` varchar(40) COLLATE utf8mb4_unicode_ci DEFAULT NULL,
  `os` varchar(40) COLLATE utf8mb4_unicode_ci DEFAULT NULL,
  `created_at` timestamp NULL DEFAULT NULL,
  `updated_at` timestamp NULL DEFAULT NULL
) ENGINE=InnoDB DEFAULT CHARSET=utf8mb4 COLLATE=utf8mb4_unicode_ci;

--
-- Dumping data for table `user_logins`
--

INSERT INTO `user_logins` (`id`, `user_id`, `user_ip`, `city`, `country`, `country_code`, `longitude`, `latitude`, `browser`, `os`, `created_at`, `updated_at`) VALUES
(1, 3, '::1', '', '', '', '', '', 'Chrome', 'Windows 10', '2022-10-20 07:30:12', '2022-10-20 07:30:12'),
(2, 4, '::1', '', '', '', '', '', 'Chrome', 'Windows 10', '2022-10-20 08:37:50', '2022-10-20 08:37:50'),
(3, 3, '::1', '', '', '', '', '', 'Chrome', 'Windows 10', '2022-10-20 08:49:22', '2022-10-20 08:49:22'),
(4, 4, '::1', '', '', '', '', '', 'Chrome', 'Windows 10', '2022-10-20 09:14:43', '2022-10-20 09:14:43'),
(5, 4, '::1', '', '', '', '', '', 'Chrome', 'Windows 10', '2022-10-21 01:28:25', '2022-10-21 01:28:25'),
(6, 4, '::1', '', '', '', '', '', 'Chrome', 'Windows 10', '2022-10-21 05:21:30', '2022-10-21 05:21:30'),
(7, 3, '::1', '', '', '', '', '', 'Chrome', 'Windows 10', '2022-10-21 21:01:00', '2022-10-21 21:01:00'),
(8, 4, '::1', '', '', '', '', '', 'Chrome', 'Windows 10', '2022-10-21 21:03:31', '2022-10-21 21:03:31'),
(9, 3, '::1', '', '', '', '', '', 'Chrome', 'Windows 10', '2022-10-22 01:05:56', '2022-10-22 01:05:56'),
(10, 4, '::1', '', '', '', '', '', 'Chrome', 'Windows 10', '2022-10-22 01:18:29', '2022-10-22 01:18:29'),
(11, 3, '::1', '', '', '', '', '', 'Chrome', 'Windows 10', '2022-10-23 09:44:28', '2022-10-23 09:44:28'),
(12, 4, '::1', '', '', '', '', '', 'Chrome', 'Windows 10', '2022-10-23 10:15:59', '2022-10-23 10:15:59'),
(13, 3, '::1', '', '', '', '', '', 'Chrome', 'Windows 10', '2022-10-23 20:13:06', '2022-10-23 20:13:06'),
(14, 4, '::1', '', '', '', '', '', 'Chrome', 'Windows 10', '2022-10-24 21:18:49', '2022-10-24 21:18:49'),
(15, 4, '::1', '', '', '', '', '', 'Chrome', 'Windows 10', '2022-10-25 14:57:47', '2022-10-25 14:57:47'),
(16, 4, '::1', '', '', '', '', '', 'Chrome', 'Windows 10', '2022-10-25 20:12:53', '2022-10-25 20:12:53');

--
-- Indexes for dumped tables
--

--
-- Indexes for table `admins`
--
ALTER TABLE `admins`
  ADD PRIMARY KEY (`id`),
  ADD UNIQUE KEY `email` (`email`,`username`);

--
-- Indexes for table `admin_notifications`
--
ALTER TABLE `admin_notifications`
  ADD PRIMARY KEY (`id`);

--
-- Indexes for table `admin_password_resets`
--
ALTER TABLE `admin_password_resets`
  ADD PRIMARY KEY (`id`);

--
-- Indexes for table `branches`
--
ALTER TABLE `branches`
  ADD PRIMARY KEY (`id`),
  ADD UNIQUE KEY `name` (`name`,`email`,`phone`);

--
-- Indexes for table `courier_infos`
--
ALTER TABLE `courier_infos`
  ADD PRIMARY KEY (`id`);

--
-- Indexes for table `courier_payments`
--
ALTER TABLE `courier_payments`
  ADD PRIMARY KEY (`id`);

--
-- Indexes for table `courier_products`
--
ALTER TABLE `courier_products`
  ADD PRIMARY KEY (`id`);

--
-- Indexes for table `email_logs`
--
ALTER TABLE `email_logs`
  ADD PRIMARY KEY (`id`);

--
-- Indexes for table `email_sms_templates`
--
ALTER TABLE `email_sms_templates`
  ADD PRIMARY KEY (`id`);

--
-- Indexes for table `extensions`
--
ALTER TABLE `extensions`
  ADD PRIMARY KEY (`id`);

--
-- Indexes for table `frontends`
--
ALTER TABLE `frontends`
  ADD PRIMARY KEY (`id`);

--
-- Indexes for table `general_settings`
--
ALTER TABLE `general_settings`
  ADD PRIMARY KEY (`id`);

--
-- Indexes for table `languages`
--
ALTER TABLE `languages`
  ADD PRIMARY KEY (`id`);

--
-- Indexes for table `migrations`
--
ALTER TABLE `migrations`
  ADD PRIMARY KEY (`id`);

--
-- Indexes for table `pages`
--
ALTER TABLE `pages`
  ADD PRIMARY KEY (`id`);

--
-- Indexes for table `payments`
--
ALTER TABLE `payments`
  ADD PRIMARY KEY (`id`);

--
-- Indexes for table `personal_access_tokens`
--
ALTER TABLE `personal_access_tokens`
  ADD PRIMARY KEY (`id`),
  ADD UNIQUE KEY `personal_access_tokens_token_unique` (`token`),
  ADD KEY `personal_access_tokens_tokenable_type_tokenable_id_index` (`tokenable_type`,`tokenable_id`);

--
-- Indexes for table `support_attachments`
--
ALTER TABLE `support_attachments`
  ADD PRIMARY KEY (`id`);

--
-- Indexes for table `support_messages`
--
ALTER TABLE `support_messages`
  ADD PRIMARY KEY (`id`);

--
-- Indexes for table `support_tickets`
--
ALTER TABLE `support_tickets`
  ADD PRIMARY KEY (`id`);

--
-- Indexes for table `types`
--
ALTER TABLE `types`
  ADD PRIMARY KEY (`id`),
  ADD UNIQUE KEY `name` (`name`);

--
-- Indexes for table `units`
--
ALTER TABLE `units`
  ADD PRIMARY KEY (`id`),
  ADD UNIQUE KEY `name` (`name`);

--
-- Indexes for table `users`
--
ALTER TABLE `users`
  ADD PRIMARY KEY (`id`),
  ADD UNIQUE KEY `username` (`username`,`email`);

--
-- Indexes for table `user_logins`
--
ALTER TABLE `user_logins`
  ADD PRIMARY KEY (`id`);

--
-- AUTO_INCREMENT for dumped tables
--

--
-- AUTO_INCREMENT for table `admins`
--
ALTER TABLE `admins`
  MODIFY `id` bigint(20) UNSIGNED NOT NULL AUTO_INCREMENT, AUTO_INCREMENT=3;

--
-- AUTO_INCREMENT for table `admin_notifications`
--
ALTER TABLE `admin_notifications`
  MODIFY `id` bigint(20) UNSIGNED NOT NULL AUTO_INCREMENT, AUTO_INCREMENT=33;

--
-- AUTO_INCREMENT for table `admin_password_resets`
--
ALTER TABLE `admin_password_resets`
  MODIFY `id` bigint(20) UNSIGNED NOT NULL AUTO_INCREMENT, AUTO_INCREMENT=2;

--
-- AUTO_INCREMENT for table `branches`
--
ALTER TABLE `branches`
  MODIFY `id` bigint(20) UNSIGNED NOT NULL AUTO_INCREMENT, AUTO_INCREMENT=5;

--
-- AUTO_INCREMENT for table `courier_infos`
--
ALTER TABLE `courier_infos`
  MODIFY `id` bigint(20) UNSIGNED NOT NULL AUTO_INCREMENT, AUTO_INCREMENT=15;

--
-- AUTO_INCREMENT for table `courier_payments`
--
ALTER TABLE `courier_payments`
  MODIFY `id` bigint(20) UNSIGNED NOT NULL AUTO_INCREMENT, AUTO_INCREMENT=15;

--
-- AUTO_INCREMENT for table `courier_products`
--
ALTER TABLE `courier_products`
  MODIFY `id` bigint(20) UNSIGNED NOT NULL AUTO_INCREMENT, AUTO_INCREMENT=15;

--
-- AUTO_INCREMENT for table `email_logs`
--
ALTER TABLE `email_logs`
  MODIFY `id` bigint(20) UNSIGNED NOT NULL AUTO_INCREMENT, AUTO_INCREMENT=9;

--
-- AUTO_INCREMENT for table `email_sms_templates`
--
ALTER TABLE `email_sms_templates`
  MODIFY `id` bigint(20) UNSIGNED NOT NULL AUTO_INCREMENT, AUTO_INCREMENT=219;

--
-- AUTO_INCREMENT for table `extensions`
--
ALTER TABLE `extensions`
  MODIFY `id` bigint(20) UNSIGNED NOT NULL AUTO_INCREMENT, AUTO_INCREMENT=7;

--
-- AUTO_INCREMENT for table `frontends`
--
ALTER TABLE `frontends`
  MODIFY `id` bigint(20) UNSIGNED NOT NULL AUTO_INCREMENT, AUTO_INCREMENT=104;

--
-- AUTO_INCREMENT for table `general_settings`
--
ALTER TABLE `general_settings`
  MODIFY `id` bigint(20) UNSIGNED NOT NULL AUTO_INCREMENT, AUTO_INCREMENT=2;

--
-- AUTO_INCREMENT for table `languages`
--
ALTER TABLE `languages`
  MODIFY `id` bigint(20) UNSIGNED NOT NULL AUTO_INCREMENT, AUTO_INCREMENT=11;

--
-- AUTO_INCREMENT for table `migrations`
--
ALTER TABLE `migrations`
  MODIFY `id` bigint(20) UNSIGNED NOT NULL AUTO_INCREMENT;

--
-- AUTO_INCREMENT for table `pages`
--
ALTER TABLE `pages`
  MODIFY `id` bigint(20) UNSIGNED NOT NULL AUTO_INCREMENT, AUTO_INCREMENT=16;

--
-- AUTO_INCREMENT for table `payments`
--
ALTER TABLE `payments`
  MODIFY `id` bigint(20) UNSIGNED NOT NULL AUTO_INCREMENT;

--
-- AUTO_INCREMENT for table `personal_access_tokens`
--
ALTER TABLE `personal_access_tokens`
  MODIFY `id` bigint(20) UNSIGNED NOT NULL AUTO_INCREMENT;

--
-- AUTO_INCREMENT for table `support_attachments`
--
ALTER TABLE `support_attachments`
  MODIFY `id` bigint(20) UNSIGNED NOT NULL AUTO_INCREMENT;

--
-- AUTO_INCREMENT for table `support_messages`
--
ALTER TABLE `support_messages`
  MODIFY `id` bigint(20) UNSIGNED NOT NULL AUTO_INCREMENT;

--
-- AUTO_INCREMENT for table `support_tickets`
--
ALTER TABLE `support_tickets`
  MODIFY `id` bigint(20) UNSIGNED NOT NULL AUTO_INCREMENT;

--
-- AUTO_INCREMENT for table `types`
--
ALTER TABLE `types`
  MODIFY `id` bigint(20) UNSIGNED NOT NULL AUTO_INCREMENT, AUTO_INCREMENT=3;

--
-- AUTO_INCREMENT for table `units`
--
ALTER TABLE `units`
  MODIFY `id` bigint(20) UNSIGNED NOT NULL AUTO_INCREMENT, AUTO_INCREMENT=3;

--
-- AUTO_INCREMENT for table `users`
--
ALTER TABLE `users`
  MODIFY `id` bigint(20) UNSIGNED NOT NULL AUTO_INCREMENT, AUTO_INCREMENT=5;

--
-- AUTO_INCREMENT for table `user_logins`
--
ALTER TABLE `user_logins`
  MODIFY `id` bigint(20) UNSIGNED NOT NULL AUTO_INCREMENT, AUTO_INCREMENT=17;
COMMIT;

/*!40101 SET CHARACTER_SET_CLIENT=@OLD_CHARACTER_SET_CLIENT */;
/*!40101 SET CHARACTER_SET_RESULTS=@OLD_CHARACTER_SET_RESULTS */;
/*!40101 SET COLLATION_CONNECTION=@OLD_COLLATION_CONNECTION */;
